,mTurk_code,yes,no
0,8307,0.5238095238095238,0.42857142857142855
1,10406,0.42857142857142855,0.5238095238095238
2,8267,0.7619047619047619,0.19047619047619047
3,5593,0.8571428571428571,0.09523809523809523
4,61,0.23809523809523808,0.7142857142857143
5,5438,0.6666666666666666,0.2857142857142857
6,5557,0.23809523809523808,0.7142857142857143
7,9924,0.3333333333333333,0.6190476190476191
8,4767,0.3333333333333333,0.6190476190476191
9,1733,0.2857142857142857,0.6666666666666666
10,4766,0.6666666666666666,0.2857142857142857
11,5647,0.09523809523809523,0.8571428571428571
12,8827,0.047619047619047616,0.9047619047619048
13,2719,0.42857142857142855,0.5238095238095238
14,1443,0.19047619047619047,0.7619047619047619
15,7652,0.8571428571428571,0.09523809523809523
16,3732,0.7619047619047619,0.19047619047619047
17,1024,0.7142857142857143,0.23809523809523808
18,10307,0.047619047619047616,0.9047619047619048
19,8613,0.47619047619047616,0.47619047619047616
20,6064,0.9047619047619048,0.047619047619047616
21,10452,0.8571428571428571,0.09523809523809523
22,8141,0.8095238095238095,0.14285714285714285
23,3398,0.9047619047619048,0.047619047619047616
24,8104,0.23809523809523808,0.7142857142857143
25,9644,0.7142857142857143,0.23809523809523808
26,3635,0.38095238095238093,0.5714285714285714
27,1642,0.5714285714285714,0.38095238095238093
28,9295,0.42857142857142855,0.5238095238095238
29,4105,0.7142857142857143,0.23809523809523808
30,8517,0.14285714285714285,0.8095238095238095
31,4841,0.9047619047619048,0.047619047619047616
32,10011,0.5238095238095238,0.42857142857142855
33,1441,0.23809523809523808,0.7142857142857143
34,2182,0.5238095238095238,0.42857142857142855
35,9435,0.19047619047619047,0.7619047619047619
36,1741,0.8571428571428571,0.09523809523809523
37,7324,0.8571428571428571,0.09523809523809523
38,2910,0.9047619047619048,0.047619047619047616
39,3957,0.7619047619047619,0.19047619047619047
40,1022,0.8095238095238095,0.14285714285714285
41,921,0.6666666666666666,0.2857142857142857
42,3115,0.047619047619047616,0.9047619047619048
43,7678,0.8571428571428571,0.09523809523809523
44,855,0.7142857142857143,0.23809523809523808
45,2393,0.47619047619047616,0.47619047619047616
46,9501,0.3333333333333333,0.6190476190476191
47,7412,0.19047619047619047,0.7619047619047619
48,10044,0.047619047619047616,0.9047619047619048
49,8938,0.8571428571428571,0.09523809523809523
50,3248,0.6190476190476191,0.3333333333333333
51,4943,0.9047619047619048,0.047619047619047616
52,3854,0.5714285714285714,0.38095238095238093
53,1103,0.8095238095238095,0.14285714285714285
54,4977,0.9523809523809523,0.0
55,5765,0.0,0.9523809523809523
56,2002,0.047619047619047616,0.9047619047619048
57,4860,0.8571428571428571,0.09523809523809523
58,1941,0.8571428571428571,0.09523809523809523
59,913,0.8571428571428571,0.09523809523809523
60,3010,0.8571428571428571,0.09523809523809523
61,7897,0.047619047619047616,0.9047619047619048
62,7920,0.8095238095238095,0.14285714285714285
63,375,0.0,0.9523809523809523
64,4991,0.8095238095238095,0.14285714285714285
65,4546,0.14285714285714285,0.8095238095238095
66,8046,0.7619047619047619,0.19047619047619047
67,1066,0.38095238095238093,0.5714285714285714
68,5049,0.9047619047619048,0.047619047619047616
69,10502,0.9523809523809523,0.0
70,4640,0.9523809523809523,0.0
71,4098,0.8571428571428571,0.09523809523809523
72,7834,0.7142857142857143,0.23809523809523808
73,794,0.8095238095238095,0.14285714285714285
74,408,0.7142857142857143,0.23809523809523808
75,3647,0.47619047619047616,0.47619047619047616
76,5500,0.47619047619047616,0.47619047619047616
77,2034,0.6190476190476191,0.3333333333333333
78,726,0.7142857142857143,0.23809523809523808
79,9634,0.0,0.9523809523809523
80,6189,0.8571428571428571,0.09523809523809523
81,4629,0.0,0.9523809523809523
82,9407,0.0,0.9523809523809523
83,6240,0.8571428571428571,0.09523809523809523
84,2525,0.9047619047619048,0.047619047619047616
85,8162,0.6666666666666666,0.2857142857142857
86,1195,0.09523809523809523,0.8571428571428571
87,2703,0.42857142857142855,0.5238095238095238
88,6207,0.047619047619047616,0.9047619047619048
89,10423,0.5714285714285714,0.38095238095238093
90,282,0.8571428571428571,0.09523809523809523
91,7032,0.9047619047619048,0.047619047619047616
92,838,0.7619047619047619,0.19047619047619047
93,10220,0.6190476190476191,0.3333333333333333
94,1490,0.7619047619047619,0.19047619047619047
95,6884,0.9047619047619048,0.047619047619047616
96,10748,0.8571428571428571,0.09523809523809523
97,1361,0.7619047619047619,0.19047619047619047
98,4161,0.0,0.9523809523809523
99,5270,0.9047619047619048,0.047619047619047616
100,7416,0.09523809523809523,0.8571428571428571
101,8099,0.9047619047619048,0.047619047619047616
102,2685,0.6666666666666666,0.2857142857142857
103,2624,0.23809523809523808,0.7142857142857143
104,3768,0.38095238095238093,0.5714285714285714
105,10448,0.9047619047619048,0.047619047619047616
106,5614,0.7619047619047619,0.19047619047619047
107,2338,0.8571428571428571,0.09523809523809523
108,4029,0.19047619047619047,0.7619047619047619
109,4082,0.047619047619047616,0.9047619047619048
110,4426,0.9047619047619048,0.047619047619047616
111,7079,0.14285714285714285,0.8095238095238095
112,7840,0.23809523809523808,0.7142857142857143
113,9889,0.09523809523809523,0.8571428571428571
114,7315,0.8571428571428571,0.09523809523809523
115,2691,0.5238095238095238,0.42857142857142855
116,7010,0.9047619047619048,0.047619047619047616
117,7170,0.5238095238095238,0.42857142857142855
118,6314,0.19047619047619047,0.7619047619047619
119,999,0.38095238095238093,0.5714285714285714
120,4620,0.7142857142857143,0.23809523809523808
121,8909,0.8095238095238095,0.14285714285714285
122,5607,0.0,0.9523809523809523
123,4126,0.3333333333333333,0.6190476190476191
124,6683,0.8571428571428571,0.09523809523809523
125,10390,0.8571428571428571,0.09523809523809523
126,10762,0.47619047619047616,0.47619047619047616
127,4703,0.23809523809523808,0.7142857142857143
128,9428,0.09523809523809523,0.8571428571428571
129,5917,0.38095238095238093,0.5714285714285714
130,5213,0.14285714285714285,0.8095238095238095
131,505,0.2857142857142857,0.6666666666666666
132,1833,0.7142857142857143,0.23809523809523808
133,5352,0.14285714285714285,0.8095238095238095
134,7224,0.7142857142857143,0.23809523809523808
135,10783,0.9523809523809523,0.0
136,5217,0.09523809523809523,0.8571428571428571
137,4461,0.23809523809523808,0.7142857142857143
138,3510,0.9523809523809523,0.0
139,9844,0.6190476190476191,0.3333333333333333
140,526,0.47619047619047616,0.47619047619047616
141,10824,0.6666666666666666,0.2857142857142857
142,9690,0.5238095238095238,0.42857142857142855
143,10919,0.9523809523809523,0.0
144,2572,0.7619047619047619,0.19047619047619047
145,8528,0.47619047619047616,0.47619047619047616
146,1159,0.9523809523809523,0.0
147,3234,0.09523809523809523,0.8571428571428571
148,1286,0.8571428571428571,0.09523809523809523
149,7219,0.09523809523809523,0.8571428571428571
150,2773,0.9523809523809523,0.0
151,4558,0.9047619047619048,0.047619047619047616
152,9352,0.047619047619047616,0.9047619047619048
153,8924,0.23809523809523808,0.7142857142857143
154,853,0.3333333333333333,0.6190476190476191
155,1385,0.9047619047619048,0.047619047619047616
156,5489,0.9047619047619048,0.047619047619047616
157,5449,0.7142857142857143,0.23809523809523808
158,9919,0.7619047619047619,0.19047619047619047
159,1856,0.6666666666666666,0.2857142857142857
160,1162,0.9047619047619048,0.047619047619047616
161,10958,0.6190476190476191,0.3333333333333333
162,3794,0.09523809523809523,0.8571428571428571
163,5127,0.8571428571428571,0.09523809523809523
164,4193,0.8571428571428571,0.09523809523809523
165,9933,0.9523809523809523,0.0
166,3738,0.0,0.9523809523809523
167,9231,0.047619047619047616,0.9047619047619048
168,10709,0.9523809523809523,0.0
169,3315,0.8571428571428571,0.09523809523809523
170,6386,0.6190476190476191,0.3333333333333333
171,6546,0.2857142857142857,0.6666666666666666
172,5830,0.38095238095238093,0.5714285714285714
173,3848,0.9523809523809523,0.0
174,9242,0.7619047619047619,0.19047619047619047
175,4290,0.8095238095238095,0.14285714285714285
176,685,0.3333333333333333,0.6190476190476191
177,7517,0.9523809523809523,0.0
178,7437,0.8571428571428571,0.09523809523809523
179,10137,0.8571428571428571,0.09523809523809523
180,9586,0.14285714285714285,0.8095238095238095
181,9467,0.09523809523809523,0.8571428571428571
182,9336,0.0,0.9523809523809523
183,8532,0.5238095238095238,0.42857142857142855
184,2228,0.8571428571428571,0.09523809523809523
185,10591,0.7142857142857143,0.23809523809523808
186,5985,0.9523809523809523,0.0
187,9328,0.9523809523809523,0.0
188,1166,0.8095238095238095,0.14285714285714285
189,7830,0.42857142857142855,0.5238095238095238
190,6171,0.8095238095238095,0.14285714285714285
191,10150,0.8095238095238095,0.14285714285714285
192,4117,0.8571428571428571,0.09523809523809523
193,42,0.7619047619047619,0.19047619047619047
194,9686,0.8095238095238095,0.14285714285714285
195,10700,0.9523809523809523,0.0
196,9399,0.5714285714285714,0.38095238095238093
197,9820,0.47619047619047616,0.47619047619047616
198,9609,0.9523809523809523,0.0
199,7199,0.47619047619047616,0.47619047619047616
200,10319,0.42857142857142855,0.5238095238095238
201,2901,0.6666666666666666,0.2857142857142857
202,5307,0.14285714285714285,0.8095238095238095
203,2006,0.5238095238095238,0.42857142857142855
204,115,0.47619047619047616,0.47619047619047616
205,1044,0.09523809523809523,0.8571428571428571
206,7602,0.9047619047619048,0.047619047619047616
207,2737,0.9047619047619048,0.047619047619047616
208,2020,0.0,0.9523809523809523
209,4996,0.14285714285714285,0.8095238095238095
210,1130,0.9523809523809523,0.0
211,2195,0.9047619047619048,0.047619047619047616
212,3309,0.9523809523809523,0.0
213,4342,0.6190476190476191,0.3333333333333333
214,7457,0.8571428571428571,0.09523809523809523
215,3863,0.8571428571428571,0.09523809523809523
216,5882,0.47619047619047616,0.47619047619047616
217,5543,0.7142857142857143,0.23809523809523808
218,6129,0.47619047619047616,0.47619047619047616
219,7636,0.9523809523809523,0.0
220,3145,0.9047619047619048,0.047619047619047616
221,2156,0.38095238095238093,0.5714285714285714
222,7258,0.8571428571428571,0.09523809523809523
223,7003,0.7619047619047619,0.19047619047619047
224,10327,0.7142857142857143,0.23809523809523808
225,7958,0.42857142857142855,0.5238095238095238
226,6096,0.47619047619047616,0.47619047619047616
227,10401,0.8095238095238095,0.14285714285714285
228,6586,0.7142857142857143,0.23809523809523808
229,9357,0.047619047619047616,0.9047619047619048
230,6170,0.9523809523809523,0.0
231,1160,0.6190476190476191,0.3333333333333333
232,6377,0.6666666666666666,0.2857142857142857
233,2533,0.047619047619047616,0.9047619047619048
234,9617,0.8095238095238095,0.14285714285714285
235,5433,0.7142857142857143,0.23809523809523808
236,9833,0.6190476190476191,0.3333333333333333
237,4122,0.6666666666666666,0.2857142857142857
238,2586,0.47619047619047616,0.47619047619047616
239,1870,0.6190476190476191,0.3333333333333333
240,2502,0.7619047619047619,0.19047619047619047
241,4724,0.047619047619047616,0.9047619047619048
242,2790,0.8095238095238095,0.14285714285714285
243,3602,0.8571428571428571,0.09523809523809523
244,10706,0.8095238095238095,0.14285714285714285
245,6251,0.047619047619047616,0.9047619047619048
246,1059,0.5714285714285714,0.38095238095238093
247,3322,0.23809523809523808,0.7142857142857143
248,4444,0.3333333333333333,0.6190476190476191
249,10076,0.09523809523809523,0.8571428571428571
250,9045,0.7142857142857143,0.23809523809523808
251,4258,0.8571428571428571,0.09523809523809523
252,4101,0.9047619047619048,0.047619047619047616
253,800,0.047619047619047616,0.9047619047619048
254,893,0.8095238095238095,0.14285714285714285
255,6908,0.9047619047619048,0.047619047619047616
256,8054,0.5238095238095238,0.42857142857142855
257,9150,0.7619047619047619,0.19047619047619047
258,4226,0.7142857142857143,0.23809523809523808
259,6424,0.7142857142857143,0.23809523809523808
260,4686,0.9047619047619048,0.047619047619047616
261,7578,0.47619047619047616,0.47619047619047616
262,4404,0.47619047619047616,0.47619047619047616
263,8188,0.38095238095238093,0.5714285714285714
264,7985,0.5714285714285714,0.38095238095238093
265,1865,0.8095238095238095,0.14285714285714285
266,8905,0.8571428571428571,0.09523809523809523
267,206,0.8571428571428571,0.09523809523809523
268,7472,0.9047619047619048,0.047619047619047616
269,7555,0.9523809523809523,0.0
270,2955,0.6666666666666666,0.2857142857142857
271,7348,0.9047619047619048,0.047619047619047616
272,4967,0.8571428571428571,0.09523809523809523
273,8248,0.7619047619047619,0.19047619047619047
274,5575,0.8095238095238095,0.14285714285714285
275,6379,0.47619047619047616,0.47619047619047616
276,5134,0.9523809523809523,0.0
277,227,0.2857142857142857,0.6666666666666666
278,6229,0.7142857142857143,0.23809523809523808
279,5923,0.47619047619047616,0.47619047619047616
280,7259,0.047619047619047616,0.9047619047619048
281,10008,0.3333333333333333,0.6190476190476191
282,9830,0.6666666666666666,0.2857142857142857
283,4637,0.42857142857142855,0.5238095238095238
284,8882,0.8571428571428571,0.09523809523809523
285,3289,0.047619047619047616,0.9047619047619048
286,3790,0.3333333333333333,0.6190476190476191
287,9437,0.047619047619047616,0.9047619047619048
288,9405,0.9523809523809523,0.0
289,552,0.7142857142857143,0.23809523809523808
290,5852,0.6666666666666666,0.2857142857142857
291,2758,0.7142857142857143,0.23809523809523808
292,10878,0.5714285714285714,0.38095238095238093
293,8881,0.19047619047619047,0.7619047619047619
294,5330,0.09523809523809523,0.8571428571428571
295,4907,0.9047619047619048,0.047619047619047616
296,2605,0.6666666666666666,0.2857142857142857
297,10491,0.7619047619047619,0.19047619047619047
298,3215,0.8571428571428571,0.09523809523809523
299,2476,0.9047619047619048,0.047619047619047616
300,3246,0.9047619047619048,0.047619047619047616
301,3408,0.14285714285714285,0.8095238095238095
302,10721,0.2857142857142857,0.6666666666666666
303,6319,0.8095238095238095,0.14285714285714285
304,4028,0.9047619047619048,0.047619047619047616
305,1871,0.9047619047619048,0.047619047619047616
306,5993,0.8571428571428571,0.09523809523809523
307,5223,0.7142857142857143,0.23809523809523808
308,2718,0.3333333333333333,0.6190476190476191
309,9524,0.8095238095238095,0.14285714285714285
310,6801,0.42857142857142855,0.5238095238095238
311,10677,0.9523809523809523,0.0
312,3642,0.6190476190476191,0.3333333333333333
313,5850,0.7142857142857143,0.23809523809523808
314,4609,0.9047619047619048,0.047619047619047616
315,6980,0.9047619047619048,0.047619047619047616
316,9268,0.3333333333333333,0.6190476190476191
317,2854,0.9047619047619048,0.047619047619047616
318,9979,0.8571428571428571,0.09523809523809523
319,10134,0.9047619047619048,0.047619047619047616
320,700,0.9523809523809523,0.0
321,3692,0.8095238095238095,0.14285714285714285
322,2897,0.6666666666666666,0.2857142857142857
323,2353,0.8571428571428571,0.09523809523809523
324,2937,0.3333333333333333,0.6190476190476191
325,5027,0.9047619047619048,0.047619047619047616
326,5886,0.9523809523809523,0.0
327,332,0.23809523809523808,0.7142857142857143
328,10528,0.7142857142857143,0.23809523809523808
329,5383,0.7619047619047619,0.19047619047619047
330,10921,0.09523809523809523,0.8571428571428571
331,3122,0.42857142857142855,0.5238095238095238
332,4403,0.09523809523809523,0.8571428571428571
333,5114,0.9047619047619048,0.047619047619047616
334,1032,0.9047619047619048,0.047619047619047616
335,3552,0.9047619047619048,0.047619047619047616
336,2072,0.9047619047619048,0.047619047619047616
337,5057,0.8095238095238095,0.14285714285714285
338,3783,0.9047619047619048,0.047619047619047616
339,3574,0.9523809523809523,0.0
340,5263,0.9047619047619048,0.047619047619047616
341,9921,0.3333333333333333,0.6190476190476191
342,8171,0.9523809523809523,0.0
343,7605,0.3333333333333333,0.6190476190476191
344,7012,0.7619047619047619,0.19047619047619047
345,4655,0.14285714285714285,0.8095238095238095
346,7245,0.9047619047619048,0.047619047619047616
347,10540,0.19047619047619047,0.7619047619047619
348,9801,0.047619047619047616,0.9047619047619048
349,7468,0.7142857142857143,0.23809523809523808
350,8045,0.8571428571428571,0.09523809523809523
351,10836,0.8095238095238095,0.14285714285714285
352,4436,0.9047619047619048,0.047619047619047616
353,3483,0.8095238095238095,0.14285714285714285
354,2396,0.9047619047619048,0.047619047619047616
355,6205,0.8571428571428571,0.09523809523809523
356,1904,0.6666666666666666,0.2857142857142857
357,6443,0.14285714285714285,0.8095238095238095
358,765,0.8571428571428571,0.09523809523809523
359,2121,0.047619047619047616,0.9047619047619048
360,189,0.42857142857142855,0.5238095238095238
361,7788,0.9047619047619048,0.047619047619047616
362,5485,0.3333333333333333,0.6190476190476191
363,8526,0.5714285714285714,0.38095238095238093
364,1796,0.42857142857142855,0.5238095238095238
365,2078,0.8571428571428571,0.09523809523809523
366,10498,0.8095238095238095,0.14285714285714285
367,4255,0.9523809523809523,0.0
368,10499,0.9047619047619048,0.047619047619047616
369,7914,0.9047619047619048,0.047619047619047616
370,265,0.8571428571428571,0.09523809523809523
371,7445,0.47619047619047616,0.47619047619047616
372,763,0.9047619047619048,0.047619047619047616
373,6658,0.0,0.9523809523809523
374,9832,0.5238095238095238,0.42857142857142855
375,7257,0.38095238095238093,0.5714285714285714
376,9031,0.9523809523809523,0.0
377,956,0.9047619047619048,0.047619047619047616
378,4076,0.047619047619047616,0.9047619047619048
379,8278,0.6190476190476191,0.3333333333333333
380,7754,0.6190476190476191,0.3333333333333333
381,7340,0.14285714285714285,0.8095238095238095
382,5224,0.3333333333333333,0.6190476190476191
383,1834,0.42857142857142855,0.5238095238095238
384,829,0.9047619047619048,0.047619047619047616
385,9488,0.09523809523809523,0.8571428571428571
386,9747,0.9047619047619048,0.047619047619047616
387,5354,0.2857142857142857,0.6666666666666666
388,122,0.8095238095238095,0.14285714285714285
389,7723,0.7142857142857143,0.23809523809523808
390,363,0.9047619047619048,0.047619047619047616
391,4730,0.6190476190476191,0.3333333333333333
392,3056,0.7619047619047619,0.19047619047619047
393,3146,0.19047619047619047,0.7619047619047619
394,8835,0.14285714285714285,0.8095238095238095
395,3761,0.9523809523809523,0.0
396,8036,0.6666666666666666,0.2857142857142857
397,10979,0.9047619047619048,0.047619047619047616
398,5553,0.7619047619047619,0.19047619047619047
399,3585,0.14285714285714285,0.8095238095238095
400,8306,0.9047619047619048,0.047619047619047616
401,5074,0.19047619047619047,0.7619047619047619
402,8791,0.9523809523809523,0.0
403,2567,0.9523809523809523,0.0
404,10369,0.7142857142857143,0.23809523809523808
405,5342,0.5238095238095238,0.42857142857142855
406,5600,0.09523809523809523,0.8571428571428571
407,6916,0.3333333333333333,0.6190476190476191
408,5420,0.7619047619047619,0.19047619047619047
409,8292,0.9047619047619048,0.047619047619047616
410,1689,0.38095238095238093,0.5714285714285714
411,8118,0.19047619047619047,0.7619047619047619
412,7323,0.9047619047619048,0.047619047619047616
413,10652,0.47619047619047616,0.47619047619047616
414,10925,0.38095238095238093,0.5714285714285714
415,8259,0.9523809523809523,0.0
416,1212,0.23809523809523808,0.7142857142857143
417,5670,0.9523809523809523,0.0
418,8705,0.9523809523809523,0.0
419,9367,0.9523809523809523,0.0
420,8847,0.5238095238095238,0.42857142857142855
421,10985,0.9523809523809523,0.0
422,1559,0.047619047619047616,0.9047619047619048
423,9055,0.09523809523809523,0.8571428571428571
424,7178,0.7142857142857143,0.23809523809523808
425,8891,0.8571428571428571,0.09523809523809523
426,5821,0.3333333333333333,0.6190476190476191
427,3298,0.09523809523809523,0.8571428571428571
428,5745,0.14285714285714285,0.8095238095238095
429,9811,0.9523809523809523,0.0
430,5370,0.5238095238095238,0.42857142857142855
431,10167,0.6190476190476191,0.3333333333333333
432,919,0.14285714285714285,0.8095238095238095
433,9534,0.9523809523809523,0.0
434,9746,0.6190476190476191,0.3333333333333333
435,6595,0.8571428571428571,0.09523809523809523
436,6862,0.2857142857142857,0.6666666666666666
437,807,0.8571428571428571,0.09523809523809523
438,4441,0.8571428571428571,0.09523809523809523
439,9040,0.14285714285714285,0.8095238095238095
440,5096,0.8571428571428571,0.09523809523809523
441,730,0.8095238095238095,0.14285714285714285
442,9852,0.6666666666666666,0.2857142857142857
443,8253,0.9523809523809523,0.0
444,9163,0.9523809523809523,0.0
445,2780,0.9523809523809523,0.0
446,4510,0.7142857142857143,0.23809523809523808
447,2405,0.8095238095238095,0.14285714285714285
448,1446,0.6190476190476191,0.3333333333333333
449,1314,0.9047619047619048,0.047619047619047616
450,6360,0.6666666666666666,0.2857142857142857
451,1841,0.7142857142857143,0.23809523809523808
452,657,0.8571428571428571,0.09523809523809523
453,6449,0.8571428571428571,0.09523809523809523
454,3055,0.2857142857142857,0.6666666666666666
455,9831,0.09523809523809523,0.8571428571428571
456,5372,0.6666666666666666,0.2857142857142857
457,8863,0.8571428571428571,0.09523809523809523
458,2687,0.9047619047619048,0.047619047619047616
459,8563,0.7142857142857143,0.23809523809523808
460,4748,0.9523809523809523,0.0
461,4524,0.6190476190476191,0.3333333333333333
462,5968,0.9047619047619048,0.047619047619047616
463,4520,0.7142857142857143,0.23809523809523808
464,5673,0.8095238095238095,0.14285714285714285
465,3084,0.14285714285714285,0.8095238095238095
466,1522,0.14285714285714285,0.8095238095238095
467,9495,0.8095238095238095,0.14285714285714285
468,5249,0.8571428571428571,0.09523809523809523
469,2400,0.0,0.9523809523809523
470,5369,0.9523809523809523,0.0
471,10807,0.7619047619047619,0.19047619047619047
472,4870,0.6666666666666666,0.2857142857142857
473,2165,0.0,0.9523809523809523
474,3641,0.7619047619047619,0.19047619047619047
475,8471,0.9047619047619048,0.047619047619047616
476,4182,0.3333333333333333,0.6190476190476191
477,5623,0.047619047619047616,0.9047619047619048
478,7148,0.047619047619047616,0.9047619047619048
479,4754,0.6666666666666666,0.2857142857142857
480,6690,0.9523809523809523,0.0
481,5069,0.8095238095238095,0.14285714285714285
482,22,0.09523809523809523,0.8571428571428571
483,5563,0.3333333333333333,0.6190476190476191
484,10949,0.8095238095238095,0.14285714285714285
485,208,0.47619047619047616,0.47619047619047616
486,1300,0.7619047619047619,0.19047619047619047
487,7847,0.9047619047619048,0.047619047619047616
488,4593,0.9047619047619048,0.047619047619047616
489,2841,0.19047619047619047,0.7619047619047619
490,7099,0.47619047619047616,0.47619047619047616
491,3110,0.14285714285714285,0.8095238095238095
492,3952,0.8571428571428571,0.09523809523809523
493,9229,0.6666666666666666,0.2857142857142857
494,3255,0.3333333333333333,0.6190476190476191
495,1718,0.9523809523809523,0.0
496,480,0.2857142857142857,0.6666666666666666
497,8438,0.8095238095238095,0.14285714285714285
498,10136,0.6666666666666666,0.2857142857142857
499,5387,0.09523809523809523,0.8571428571428571
500,8534,0.8571428571428571,0.09523809523809523
501,8403,0.3333333333333333,0.6190476190476191
502,6668,0.09523809523809523,0.8571428571428571
503,9172,0.6190476190476191,0.3333333333333333
504,3950,0.6190476190476191,0.3333333333333333
505,1191,0.3333333333333333,0.6190476190476191
506,8939,0.7142857142857143,0.23809523809523808
507,2907,0.5714285714285714,0.38095238095238093
508,2152,0.2857142857142857,0.6666666666666666
509,266,0.5714285714285714,0.38095238095238093
510,7508,0.7619047619047619,0.19047619047619047
511,5506,0.5714285714285714,0.38095238095238093
512,2638,0.6666666666666666,0.2857142857142857
513,3412,0.8095238095238095,0.14285714285714285
514,5689,0.47619047619047616,0.47619047619047616
515,8565,0.8095238095238095,0.14285714285714285
516,10703,0.047619047619047616,0.9047619047619048
517,7247,0.5714285714285714,0.38095238095238093
518,6339,0.8571428571428571,0.09523809523809523
519,469,0.42857142857142855,0.5238095238095238
520,8258,0.6666666666666666,0.2857142857142857
521,10169,0.047619047619047616,0.9047619047619048
522,2898,0.7142857142857143,0.23809523809523808
523,8777,0.5714285714285714,0.38095238095238093
524,9484,0.9047619047619048,0.047619047619047616
525,648,0.047619047619047616,0.9047619047619048
526,1611,0.3333333333333333,0.6190476190476191
527,4835,0.7142857142857143,0.23809523809523808
528,3293,0.8571428571428571,0.09523809523809523
529,10317,0.7619047619047619,0.19047619047619047
530,1157,0.19047619047619047,0.7619047619047619
531,4165,0.6666666666666666,0.2857142857142857
532,279,0.7142857142857143,0.23809523809523808
533,9971,0.9047619047619048,0.047619047619047616
534,9380,0.19047619047619047,0.7619047619047619
535,10931,0.5238095238095238,0.42857142857142855
536,4694,0.47619047619047616,0.47619047619047616
537,10492,0.14285714285714285,0.8095238095238095
538,6687,0.6666666666666666,0.2857142857142857
539,10267,0.19047619047619047,0.7619047619047619
540,8642,0.6190476190476191,0.3333333333333333
541,3347,0.6190476190476191,0.3333333333333333
542,4139,0.9047619047619048,0.047619047619047616
543,3562,0.6190476190476191,0.3333333333333333
544,10560,0.38095238095238093,0.5714285714285714
545,9685,0.19047619047619047,0.7619047619047619
546,8014,0.5714285714285714,0.38095238095238093
547,6164,0.7142857142857143,0.23809523809523808
548,10580,0.7619047619047619,0.19047619047619047
549,5939,0.5714285714285714,0.38095238095238093
550,9563,0.5714285714285714,0.38095238095238093
551,603,0.3333333333333333,0.6190476190476191
552,1467,0.8095238095238095,0.14285714285714285
553,2959,0.42857142857142855,0.5238095238095238
554,2543,0.0,0.9523809523809523
555,9303,0.7619047619047619,0.19047619047619047
556,8107,0.8571428571428571,0.09523809523809523
557,2917,0.5238095238095238,0.42857142857142855
558,4940,0.7142857142857143,0.23809523809523808
559,2140,0.8571428571428571,0.09523809523809523
560,1615,0.8095238095238095,0.14285714285714285
561,8308,0.8095238095238095,0.14285714285714285
562,9953,0.47619047619047616,0.47619047619047616
563,6769,0.5714285714285714,0.38095238095238093
564,5635,0.7142857142857143,0.23809523809523808
565,7427,0.2857142857142857,0.6666666666666666
566,887,0.6666666666666666,0.2857142857142857
567,7987,0.8095238095238095,0.14285714285714285
568,3182,0.23809523809523808,0.7142857142857143
569,163,0.7142857142857143,0.23809523809523808
570,3022,0.38095238095238093,0.5714285714285714
571,8885,0.47619047619047616,0.47619047619047616
572,2456,0.23809523809523808,0.7142857142857143
573,4371,0.7619047619047619,0.19047619047619047
574,8929,0.23809523809523808,0.7142857142857143
575,4701,0.09523809523809523,0.8571428571428571
576,3508,0.6190476190476191,0.3333333333333333
577,4643,0.6190476190476191,0.3333333333333333
578,1943,0.19047619047619047,0.7619047619047619
579,5454,0.19047619047619047,0.7619047619047619
580,1629,0.42857142857142855,0.5238095238095238
581,9785,0.7619047619047619,0.19047619047619047
582,215,0.5238095238095238,0.42857142857142855
583,7640,0.2857142857142857,0.6666666666666666
584,4186,0.8095238095238095,0.14285714285714285
585,9597,0.8571428571428571,0.09523809523809523
586,9523,0.47619047619047616,0.47619047619047616
587,4881,0.5714285714285714,0.38095238095238093
588,6000,0.047619047619047616,0.9047619047619048
589,7234,0.47619047619047616,0.47619047619047616
590,7675,0.047619047619047616,0.9047619047619048
591,9246,0.9047619047619048,0.047619047619047616
592,6574,0.5238095238095238,0.42857142857142855
593,10656,0.6190476190476191,0.3333333333333333
594,10935,0.7619047619047619,0.19047619047619047
595,2765,0.8571428571428571,0.09523809523809523
596,5678,0.8571428571428571,0.09523809523809523
597,7112,0.6666666666666666,0.2857142857142857
598,1578,0.7142857142857143,0.23809523809523808
599,510,0.8571428571428571,0.09523809523809523
600,8285,0.8095238095238095,0.14285714285714285
601,5535,0.6666666666666666,0.2857142857142857
602,210,0.7619047619047619,0.19047619047619047
603,10243,0.9047619047619048,0.047619047619047616
604,5128,0.7619047619047619,0.19047619047619047
605,1244,0.38095238095238093,0.5714285714285714
606,7962,0.9047619047619048,0.047619047619047616
607,5921,0.7142857142857143,0.23809523809523808
608,2484,0.7142857142857143,0.23809523809523808
609,7488,0.3333333333333333,0.6190476190476191
610,2446,0.2857142857142857,0.6666666666666666
611,6661,0.7142857142857143,0.23809523809523808
612,8000,0.3333333333333333,0.6190476190476191
613,6570,0.2857142857142857,0.6666666666666666
614,7581,0.2857142857142857,0.6666666666666666
615,10449,0.6190476190476191,0.3333333333333333
616,2654,0.2857142857142857,0.6666666666666666
617,9392,0.8095238095238095,0.14285714285714285
618,1874,0.9047619047619048,0.047619047619047616
619,4612,0.8571428571428571,0.09523809523809523
620,8761,0.8095238095238095,0.14285714285714285
621,2865,0.7619047619047619,0.19047619047619047
622,366,0.5238095238095238,0.42857142857142855
623,3113,0.5714285714285714,0.38095238095238093
624,7381,0.9047619047619048,0.047619047619047616
625,1144,0.0,0.9523809523809523
626,7821,0.5714285714285714,0.38095238095238093
627,4933,0.047619047619047616,0.9047619047619048
628,5727,0.0,0.9523809523809523
629,4476,0.8095238095238095,0.14285714285714285
630,10975,0.6666666666666666,0.2857142857142857
631,5138,0.19047619047619047,0.7619047619047619
632,9745,0.47619047619047616,0.47619047619047616
633,4834,0.23809523809523808,0.7142857142857143
634,2681,0.7142857142857143,0.23809523809523808
635,10686,0.8571428571428571,0.09523809523809523
636,6631,0.047619047619047616,0.9047619047619048
637,8794,0.8095238095238095,0.14285714285714285
638,8355,0.23809523809523808,0.7142857142857143
639,3488,0.47619047619047616,0.47619047619047616
640,10643,0.7142857142857143,0.23809523809523808
641,1682,0.5714285714285714,0.38095238095238093
642,1530,0.9047619047619048,0.047619047619047616
643,6022,0.6190476190476191,0.3333333333333333
644,3480,0.9047619047619048,0.047619047619047616
645,3636,0.14285714285714285,0.8095238095238095
646,8264,0.14285714285714285,0.8095238095238095
647,2519,0.9047619047619048,0.047619047619047616
648,9041,0.7142857142857143,0.23809523809523808
649,9475,0.8095238095238095,0.14285714285714285
650,4335,0.7619047619047619,0.19047619047619047
651,3925,0.2857142857142857,0.6666666666666666
652,7607,0.38095238095238093,0.5714285714285714
653,2766,0.9523809523809523,0.0
654,8379,0.9523809523809523,0.0
655,2220,0.9047619047619048,0.047619047619047616
656,3337,0.9047619047619048,0.047619047619047616
657,7355,0.2857142857142857,0.6666666666666666
658,1250,0.9523809523809523,0.0
659,5634,0.9523809523809523,0.0
660,98,0.9047619047619048,0.047619047619047616
661,6320,0.9523809523809523,0.0
662,1604,0.8571428571428571,0.09523809523809523
663,8681,0.9047619047619048,0.047619047619047616
664,1325,0.7619047619047619,0.19047619047619047
665,8140,0.9523809523809523,0.0
666,2537,0.8571428571428571,0.09523809523809523
667,8239,0.047619047619047616,0.9047619047619048
668,3818,0.6666666666666666,0.2857142857142857
669,9129,0.23809523809523808,0.7142857142857143
670,622,0.9047619047619048,0.047619047619047616
671,3387,0.19047619047619047,0.7619047619047619
672,4336,0.47619047619047616,0.47619047619047616
673,6525,0.3333333333333333,0.6190476190476191
674,10359,0.5238095238095238,0.42857142857142855
675,1128,0.8571428571428571,0.09523809523809523
676,1430,0.8571428571428571,0.09523809523809523
677,9894,0.9523809523809523,0.0
678,5432,0.9523809523809523,0.0
679,7526,0.047619047619047616,0.9047619047619048
680,6996,0.14285714285714285,0.8095238095238095
681,9867,0.047619047619047616,0.9047619047619048
682,3841,0.7142857142857143,0.23809523809523808
683,8060,0.7619047619047619,0.19047619047619047
684,3631,0.9047619047619048,0.047619047619047616
685,277,0.9523809523809523,0.0
686,4776,0.7142857142857143,0.23809523809523808
687,8354,0.8571428571428571,0.09523809523809523
688,754,0.8095238095238095,0.14285714285714285
689,3722,0.42857142857142855,0.5238095238095238
690,8962,0.8095238095238095,0.14285714285714285
691,7123,0.09523809523809523,0.8571428571428571
692,8129,0.9047619047619048,0.047619047619047616
693,10622,0.047619047619047616,0.9047619047619048
694,844,0.19047619047619047,0.7619047619047619
695,2511,0.3333333333333333,0.6190476190476191
696,4761,0.6190476190476191,0.3333333333333333
697,2320,0.2857142857142857,0.6666666666666666
698,5544,0.38095238095238093,0.5714285714285714
699,9730,0.9047619047619048,0.047619047619047616
700,963,0.3333333333333333,0.6190476190476191
701,7459,0.9047619047619048,0.047619047619047616
702,10660,0.38095238095238093,0.5714285714285714
703,9556,0.6666666666666666,0.2857142857142857
704,7868,0.8571428571428571,0.09523809523809523
705,5042,0.9047619047619048,0.047619047619047616
706,8866,0.5238095238095238,0.42857142857142855
707,5935,0.9523809523809523,0.0
708,7916,0.7142857142857143,0.23809523809523808
709,6864,0.8571428571428571,0.09523809523809523
710,2438,0.8571428571428571,0.09523809523809523
711,70,0.8571428571428571,0.09523809523809523
712,7206,0.8095238095238095,0.14285714285714285
713,728,0.7142857142857143,0.23809523809523808
714,2632,0.3333333333333333,0.6190476190476191
715,6249,0.2857142857142857,0.6666666666666666
716,9509,0.9047619047619048,0.047619047619047616
717,10509,0.047619047619047616,0.9047619047619048
718,5052,0.7619047619047619,0.19047619047619047
719,7320,0.7619047619047619,0.19047619047619047
720,4159,0.42857142857142855,0.5238095238095238
721,2583,0.09523809523809523,0.8571428571428571
722,2402,0.9047619047619048,0.047619047619047616
723,10271,0.42857142857142855,0.5238095238095238
724,3999,0.5238095238095238,0.42857142857142855
725,1241,0.3333333333333333,0.6190476190476191
726,3774,0.9047619047619048,0.047619047619047616
727,1452,0.38095238095238093,0.5714285714285714
728,4397,0.5238095238095238,0.42857142857142855
729,8728,0.7619047619047619,0.19047619047619047
730,3805,0.42857142857142855,0.5238095238095238
731,2278,0.0,0.9523809523809523
732,7894,0.47619047619047616,0.47619047619047616
733,10484,0.42857142857142855,0.5238095238095238
734,8223,0.0,0.9523809523809523
735,7341,0.14285714285714285,0.8095238095238095
736,7166,0.7142857142857143,0.23809523809523808
737,4931,0.09523809523809523,0.8571428571428571
738,9136,0.047619047619047616,0.9047619047619048
739,9436,0.8571428571428571,0.09523809523809523
740,5951,0.7142857142857143,0.23809523809523808
741,10894,0.2857142857142857,0.6666666666666666
742,990,0.7142857142857143,0.23809523809523808
743,10871,0.8571428571428571,0.09523809523809523
744,1196,0.7142857142857143,0.23809523809523808
745,5326,0.47619047619047616,0.47619047619047616
746,934,0.8571428571428571,0.09523809523809523
747,4288,0.5714285714285714,0.38095238095238093
748,863,0.14285714285714285,0.8095238095238095
749,7807,0.9047619047619048,0.047619047619047616
750,2874,0.47619047619047616,0.47619047619047616
751,9632,0.6190476190476191,0.3333333333333333
752,9106,0.8571428571428571,0.09523809523809523
753,7037,0.9047619047619048,0.047619047619047616
754,6875,0.38095238095238093,0.5714285714285714
755,654,0.7619047619047619,0.19047619047619047
756,2291,0.9047619047619048,0.047619047619047616
757,9072,0.7142857142857143,0.23809523809523808
758,67,0.9523809523809523,0.0
759,7051,0.8095238095238095,0.14285714285714285
760,4534,0.8571428571428571,0.09523809523809523
761,10659,0.9047619047619048,0.047619047619047616
762,7948,0.8095238095238095,0.14285714285714285
763,3674,0.9047619047619048,0.047619047619047616
764,533,0.14285714285714285,0.8095238095238095
765,4112,0.3333333333333333,0.6190476190476191
766,9914,0.9523809523809523,0.0
767,692,0.8095238095238095,0.14285714285714285
768,6278,0.8571428571428571,0.09523809523809523
769,1787,0.7142857142857143,0.23809523809523808
770,8724,0.9523809523809523,0.0
771,9942,0.9047619047619048,0.047619047619047616
772,6791,0.14285714285714285,0.8095238095238095
773,6432,0.23809523809523808,0.7142857142857143
774,4641,0.8095238095238095,0.14285714285714285
775,646,0.23809523809523808,0.7142857142857143
776,4518,0.9047619047619048,0.047619047619047616
777,5655,0.8571428571428571,0.09523809523809523
778,2054,0.8571428571428571,0.09523809523809523
779,8560,0.38095238095238093,0.5714285714285714
780,9506,0.14285714285714285,0.8095238095238095
781,6043,0.38095238095238093,0.5714285714285714
782,8867,0.09523809523809523,0.8571428571428571
783,7738,0.2857142857142857,0.6666666666666666
784,7903,0.9047619047619048,0.047619047619047616
785,5650,0.0,0.9523809523809523
786,2382,0.9523809523809523,0.0
787,1729,0.2857142857142857,0.6666666666666666
788,6264,0.7142857142857143,0.23809523809523808
789,2262,0.23809523809523808,0.7142857142857143
790,6503,0.42857142857142855,0.5238095238095238
791,2914,0.7619047619047619,0.19047619047619047
792,4408,0.14285714285714285,0.8095238095238095
793,4873,0.8571428571428571,0.09523809523809523
794,6481,0.9047619047619048,0.047619047619047616
795,5793,0.42857142857142855,0.5238095238095238
796,640,0.2857142857142857,0.6666666666666666
797,3438,0.14285714285714285,0.8095238095238095
798,10626,0.9047619047619048,0.047619047619047616
799,8479,0.8095238095238095,0.14285714285714285
800,6818,0.09523809523809523,0.8571428571428571
801,156,0.9047619047619048,0.047619047619047616
802,6056,0.9047619047619048,0.047619047619047616
803,2514,0.9523809523809523,0.0
804,10920,0.19047619047619047,0.7619047619047619
805,3229,0.2857142857142857,0.6666666666666666
806,4596,0.0,0.9523809523809523
807,2767,0.47619047619047616,0.47619047619047616
808,10536,0.9047619047619048,0.047619047619047616
809,8747,0.8571428571428571,0.09523809523809523
810,7615,0.8095238095238095,0.14285714285714285
811,2153,0.8571428571428571,0.09523809523809523
812,6911,0.19047619047619047,0.7619047619047619
813,8416,0.5238095238095238,0.42857142857142855
814,10997,0.8095238095238095,0.14285714285714285
815,222,0.8095238095238095,0.14285714285714285
816,2820,0.8571428571428571,0.09523809523809523
817,10010,0.19047619047619047,0.7619047619047619
818,2211,0.8095238095238095,0.14285714285714285
819,2448,0.42857142857142855,0.5238095238095238
820,7455,0.38095238095238093,0.5714285714285714
821,5515,0.8095238095238095,0.14285714285714285
822,5818,0.7142857142857143,0.23809523809523808
823,3676,0.47619047619047616,0.47619047619047616
824,2410,0.47619047619047616,0.47619047619047616
825,8970,0.09523809523809523,0.8571428571428571
826,10851,0.5714285714285714,0.38095238095238093
827,6606,0.8571428571428571,0.09523809523809523
828,5349,0.47619047619047616,0.47619047619047616
829,2930,0.9523809523809523,0.0
830,4421,0.9047619047619048,0.047619047619047616
831,1562,0.7619047619047619,0.19047619047619047
832,5123,0.9523809523809523,0.0
833,8191,0.5238095238095238,0.42857142857142855
834,9662,0.3333333333333333,0.6190476190476191
835,1004,0.6190476190476191,0.3333333333333333
836,8703,0.8095238095238095,0.14285714285714285
837,1526,0.09523809523809523,0.8571428571428571
838,3941,0.9047619047619048,0.047619047619047616
839,10577,0.14285714285714285,0.8095238095238095
840,1795,0.5238095238095238,0.42857142857142855
841,9170,0.47619047619047616,0.47619047619047616
842,4634,0.19047619047619047,0.7619047619047619
843,446,0.8095238095238095,0.14285714285714285
844,2618,0.9047619047619048,0.047619047619047616
845,6939,0.5238095238095238,0.42857142857142855
846,2772,0.8095238095238095,0.14285714285714285
847,3444,0.2857142857142857,0.6666666666666666
848,1153,0.8095238095238095,0.14285714285714285
849,1329,0.7619047619047619,0.19047619047619047
850,2053,0.6666666666666666,0.2857142857142857
851,2723,0.8095238095238095,0.14285714285714285
852,6766,0.9523809523809523,0.0
853,9235,0.9047619047619048,0.047619047619047616
854,9219,0.0,0.9523809523809523
855,8358,0.6666666666666666,0.2857142857142857
856,8501,0.9047619047619048,0.047619047619047616
857,4971,0.8571428571428571,0.09523809523809523
858,4164,0.23809523809523808,0.7142857142857143
859,4368,0.6666666666666666,0.2857142857142857
860,7269,0.8571428571428571,0.09523809523809523
861,4719,0.8571428571428571,0.09523809523809523
862,10645,0.9047619047619048,0.047619047619047616
863,3847,0.8571428571428571,0.09523809523809523
864,7411,0.09523809523809523,0.8571428571428571
865,400,0.19047619047619047,0.7619047619047619
866,8205,0.14285714285714285,0.8095238095238095
867,10841,0.0,0.9523809523809523
868,2216,0.42857142857142855,0.5238095238095238
869,8832,0.9047619047619048,0.047619047619047616
870,2794,0.7619047619047619,0.19047619047619047
871,9277,0.9047619047619048,0.047619047619047616
872,10946,0.42857142857142855,0.5238095238095238
873,2613,0.7619047619047619,0.19047619047619047
874,364,0.6190476190476191,0.3333333333333333
875,9216,0.9523809523809523,0.0
876,7930,0.8571428571428571,0.09523809523809523
877,9283,0.7619047619047619,0.19047619047619047
878,1397,0.7142857142857143,0.23809523809523808
879,2149,0.09523809523809523,0.8571428571428571
880,2515,0.0,0.9523809523809523
881,2843,0.9047619047619048,0.047619047619047616
882,10899,0.9047619047619048,0.047619047619047616
883,5801,0.8095238095238095,0.14285714285714285
884,154,0.19047619047619047,0.7619047619047619
885,8518,0.6190476190476191,0.3333333333333333
886,6963,0.3333333333333333,0.6190476190476191
887,2206,0.3333333333333333,0.6190476190476191
888,8641,0.9047619047619048,0.047619047619047616
889,6537,0.7619047619047619,0.19047619047619047
890,2943,0.7619047619047619,0.19047619047619047
891,319,0.7142857142857143,0.23809523809523808
892,8041,0.8095238095238095,0.14285714285714285
893,4820,0.8571428571428571,0.09523809523809523
894,5646,0.8571428571428571,0.09523809523809523
895,8111,0.9047619047619048,0.047619047619047616
896,9868,0.6190476190476191,0.3333333333333333
897,1553,0.14285714285714285,0.8095238095238095
898,947,0.14285714285714285,0.8095238095238095
899,9636,0.9523809523809523,0.0
900,1343,0.8571428571428571,0.09523809523809523
901,5669,0.9047619047619048,0.047619047619047616
902,1146,0.8571428571428571,0.09523809523809523
903,9221,0.6666666666666666,0.2857142857142857
904,2329,0.9047619047619048,0.047619047619047616
905,10277,0.047619047619047616,0.9047619047619048
906,6805,0.23809523809523808,0.7142857142857143
907,1576,0.8095238095238095,0.14285714285714285
908,10412,0.8571428571428571,0.09523809523809523
909,7298,0.8571428571428571,0.09523809523809523
910,10383,0.9523809523809523,0.0
911,10336,0.7142857142857143,0.23809523809523808
912,101,0.7142857142857143,0.23809523809523808
913,2076,0.7142857142857143,0.23809523809523808
914,5754,0.9047619047619048,0.047619047619047616
915,6267,0.047619047619047616,0.9047619047619048
916,6094,0.8095238095238095,0.14285714285714285
917,10673,0.9047619047619048,0.047619047619047616
918,320,0.047619047619047616,0.9047619047619048
919,2809,0.6666666666666666,0.2857142857142857
920,4692,0.6666666666666666,0.2857142857142857
921,3751,0.8095238095238095,0.14285714285714285
922,3788,0.6666666666666666,0.2857142857142857
923,10302,0.23809523809523808,0.7142857142857143
924,837,0.19047619047619047,0.7619047619047619
925,7231,0.5238095238095238,0.42857142857142855
926,2589,0.14285714285714285,0.8095238095238095
927,5825,0.8571428571428571,0.09523809523809523
928,6744,0.6666666666666666,0.2857142857142857
929,7084,0.8571428571428571,0.09523809523809523
930,2100,0.9047619047619048,0.047619047619047616
931,3019,0.047619047619047616,0.9047619047619048
932,10334,0.14285714285714285,0.8095238095238095
933,3656,0.9047619047619048,0.047619047619047616
934,10699,0.8571428571428571,0.09523809523809523
935,4833,0.2857142857142857,0.6666666666666666
936,7631,0.38095238095238093,0.5714285714285714
937,6420,0.9047619047619048,0.047619047619047616
938,5760,0.8571428571428571,0.09523809523809523
939,787,0.0,0.9523809523809523
940,8530,0.8571428571428571,0.09523809523809523
941,1240,0.047619047619047616,0.9047619047619048
942,8149,0.23809523809523808,0.7142857142857143
943,1532,0.9047619047619048,0.047619047619047616
944,10544,0.9047619047619048,0.047619047619047616
945,5177,0.47619047619047616,0.47619047619047616
946,2504,0.14285714285714285,0.8095238095238095
947,7334,0.9047619047619048,0.047619047619047616
948,2128,0.6190476190476191,0.3333333333333333
949,6389,0.7142857142857143,0.23809523809523808
950,9442,0.19047619047619047,0.7619047619047619
951,4809,0.8095238095238095,0.14285714285714285
952,8207,0.7142857142857143,0.23809523809523808
953,1283,0.7142857142857143,0.23809523809523808
954,3511,0.7142857142857143,0.23809523809523808
955,4774,0.8095238095238095,0.14285714285714285
956,10012,0.6666666666666666,0.2857142857142857
957,10377,0.6666666666666666,0.2857142857142857
958,9581,0.5714285714285714,0.38095238095238093
959,9875,0.7142857142857143,0.23809523809523808
960,3919,0.5714285714285714,0.38095238095238093
961,1331,0.9047619047619048,0.047619047619047616
962,7023,0.38095238095238093,0.5714285714285714
963,6315,0.8095238095238095,0.14285714285714285
964,5103,0.047619047619047616,0.9047619047619048
965,10289,0.3333333333333333,0.6190476190476191
966,1215,0.8571428571428571,0.09523809523809523
967,3285,0.8095238095238095,0.14285714285714285
968,3273,0.5238095238095238,0.42857142857142855
969,2310,0.38095238095238093,0.5714285714285714
970,3869,0.7619047619047619,0.19047619047619047
971,3205,0.5238095238095238,0.42857142857142855
972,203,0.8571428571428571,0.09523809523809523
973,9337,0.7142857142857143,0.23809523809523808
974,173,0.7142857142857143,0.23809523809523808
975,5877,0.14285714285714285,0.8095238095238095
976,3236,0.9047619047619048,0.047619047619047616
977,9165,0.6666666666666666,0.2857142857142857
978,6391,0.42857142857142855,0.5238095238095238
979,4553,0.5714285714285714,0.38095238095238093
980,6788,0.2857142857142857,0.6666666666666666
981,5997,0.47619047619047616,0.47619047619047616
982,10068,0.6666666666666666,0.2857142857142857
983,8876,0.0,0.9523809523809523
984,2507,0.23809523809523808,0.7142857142857143
985,9473,0.047619047619047616,0.9047619047619048
986,2934,0.2857142857142857,0.6666666666666666
987,3679,0.38095238095238093,0.5714285714285714
988,1670,0.2857142857142857,0.6666666666666666
989,5297,0.9047619047619048,0.047619047619047616
990,1216,0.5238095238095238,0.42857142857142855
991,10394,0.8095238095238095,0.14285714285714285
992,5001,0.19047619047619047,0.7619047619047619
993,7923,0.47619047619047616,0.47619047619047616
994,7722,0.8571428571428571,0.09523809523809523
995,7153,0.7142857142857143,0.23809523809523808
996,10720,0.38095238095238093,0.5714285714285714
997,7975,0.8571428571428571,0.09523809523809523
998,7945,0.3333333333333333,0.6190476190476191
999,4536,0.7619047619047619,0.19047619047619047
