,mTurk_code,yes,no,h1,h2,h3,h4,h5,h6,h7,h8,h9,h10,h11,h12,h13,h14,h15,h16,h17,h18,h19,h20
0,8307,0.5238095238095238,0.4285714285714285,1,0,0,0,1,0,1,1,0,0,1,0,1,0,1,1,1,0,0,1
1,10406,0.4285714285714285,0.5238095238095238,0,1,0,1,1,1,1,1,1,1,0,0,1,0,1,1,0,0,1,0
2,8267,0.7619047619047619,0.1904761904761904,0,1,0,0,0,0,0,0,0,0,1,0,1,0,0,1,0,0,0,0
3,5593,0.8571428571428571,0.0952380952380952,0,0,0,0,0,0,1,0,0,0,0,1,0,0,0,0,0,0,0,0
4,61,0.238095238095238,0.7142857142857143,0,0,1,1,1,1,1,1,1,1,1,1,0,1,1,1,0,0,1,1
5,5438,0.6666666666666666,0.2857142857142857,0,1,1,1,0,0,0,1,1,1,1,1,0,1,1,0,0,1,1,0
6,5557,0.238095238095238,0.7142857142857143,0,0,1,0,0,1,1,1,1,1,1,0,1,1,1,1,1,1,1,0
7,9924,0.3333333333333333,0.6190476190476191,1,0,1,0,0,1,1,0,1,1,0,1,1,0,1,0,1,0,1,1
8,4767,0.3333333333333333,0.6190476190476191,1,0,1,1,1,1,1,1,0,1,0,1,1,1,1,0,1,1,0,1
9,1733,0.2857142857142857,0.6666666666666666,0,1,1,1,1,1,1,1,0,1,1,1,1,0,1,0,0,1,1,1
10,4766,0.6666666666666666,0.2857142857142857,0,1,0,0,0,0,0,1,0,1,0,0,0,1,0,0,0,0,0,1
11,5647,0.0952380952380952,0.8571428571428571,1,1,1,1,1,1,1,1,1,1,1,1,1,1,1,1,1,1,1,1
12,8827,0.0476190476190476,0.9047619047619048,1,1,1,1,1,1,1,1,1,1,1,1,1,1,1,1,1,1,1,1
13,2719,0.4285714285714285,0.5238095238095238,0,0,1,0,1,0,1,0,0,1,0,0,1,1,1,0,0,1,0,0
14,1443,0.1904761904761904,0.7619047619047619,1,1,1,1,1,1,1,0,1,1,1,1,0,1,1,1,1,1,1,1
15,7652,0.8571428571428571,0.0952380952380952,0,1,0,0,0,0,0,0,0,0,0,1,0,0,0,0,1,0,0,0
16,3732,0.7619047619047619,0.1904761904761904,0,1,0,0,1,0,0,0,0,0,0,0,0,0,0,0,0,0,1,0
17,1024,0.7142857142857143,0.238095238095238,0,1,1,0,0,0,0,1,0,1,1,0,0,0,0,1,0,1,1,0
18,10307,0.0476190476190476,0.9047619047619048,1,1,1,1,1,1,1,1,1,1,1,1,1,1,1,1,1,1,1,1
19,8613,0.4761904761904761,0.4761904761904761,0,0,1,0,0,1,0,0,1,1,0,0,1,1,1,1,1,1,1,1
20,6064,0.9047619047619048,0.0476190476190476,0,0,0,0,0,0,0,0,0,0,0,0,0,0,0,0,0,0,0,0
21,10452,0.8571428571428571,0.0952380952380952,1,1,0,0,0,0,0,0,0,0,0,0,0,0,0,0,0,1,0,0
22,8141,0.8095238095238095,0.1428571428571428,0,0,0,0,0,0,1,1,1,0,0,0,1,0,0,0,0,1,0,0
23,3398,0.9047619047619048,0.0476190476190476,0,0,0,0,0,0,0,0,0,0,0,0,0,0,0,0,0,1,0,1
24,8104,0.238095238095238,0.7142857142857143,1,1,0,1,1,1,1,1,1,1,1,0,1,1,1,1,0,0,1,1
25,9644,0.7142857142857143,0.238095238095238,0,1,0,0,0,0,0,1,0,1,0,0,0,1,0,0,1,1,0,0
26,3635,0.3809523809523809,0.5714285714285714,0,1,0,0,1,1,0,1,1,0,1,1,0,0,0,1,1,1,0,1
27,1642,0.5714285714285714,0.3809523809523809,0,0,0,1,0,1,0,1,0,0,0,0,0,1,0,0,0,1,1,0
28,9295,0.4285714285714285,0.5238095238095238,1,0,1,0,1,0,0,0,0,1,0,1,0,0,1,1,0,0,1,1
29,4105,0.7142857142857143,0.238095238095238,0,0,0,0,0,0,0,0,0,0,0,0,0,1,0,1,1,0,0,1
30,8517,0.1428571428571428,0.8095238095238095,1,0,1,1,0,1,0,1,1,1,1,1,1,1,1,0,1,1,1,0
31,4841,0.9047619047619048,0.0476190476190476,0,0,0,0,0,0,0,0,0,0,0,0,1,0,1,0,0,0,0,0
32,10011,0.5238095238095238,0.4285714285714285,0,1,1,0,0,1,1,1,1,1,1,1,1,1,0,1,1,0,1,0
33,1441,0.238095238095238,0.7142857142857143,1,0,1,0,1,1,1,1,0,0,1,1,0,1,1,1,1,1,1,1
34,2182,0.5238095238095238,0.4285714285714285,0,1,1,1,1,1,1,0,0,0,1,0,0,1,0,1,0,0,1,0
35,9435,0.1904761904761904,0.7619047619047619,1,0,1,1,1,1,1,1,1,0,0,0,1,1,0,1,1,1,1,1
36,1741,0.8571428571428571,0.0952380952380952,0,0,0,0,0,0,1,0,0,1,0,0,0,0,0,0,0,1,0,0
37,7324,0.8571428571428571,0.0952380952380952,0,0,0,0,0,0,0,0,0,0,1,0,0,0,1,0,0,0,0,0
38,2910,0.9047619047619048,0.0476190476190476,0,0,0,1,0,1,1,0,0,0,0,0,0,0,0,0,0,0,0,0
39,3957,0.7619047619047619,0.1904761904761904,0,0,1,0,0,0,0,0,0,0,0,0,1,1,0,1,0,0,1,0
40,1022,0.8095238095238095,0.1428571428571428,1,0,0,1,1,0,0,0,0,0,1,0,1,0,1,0,0,0,0,1
41,921,0.6666666666666666,0.2857142857142857,1,0,1,0,0,0,0,0,0,0,0,0,0,0,0,1,0,0,0,1
42,3115,0.0476190476190476,0.9047619047619048,1,1,1,1,1,1,1,1,1,1,1,1,1,1,0,1,1,1,1,1
43,7678,0.8571428571428571,0.0952380952380952,0,0,0,0,0,0,0,0,0,0,0,0,0,0,0,0,0,0,0,0
44,855,0.7142857142857143,0.238095238095238,0,0,1,0,0,0,0,0,1,0,0,1,0,0,0,0,0,0,0,1
45,2393,0.4761904761904761,0.4761904761904761,1,1,0,1,0,1,1,1,1,1,1,1,1,1,1,1,0,0,0,1
46,9501,0.3333333333333333,0.6190476190476191,1,1,1,0,1,0,1,1,1,1,0,0,0,1,1,1,0,1,0,1
47,7412,0.1904761904761904,0.7619047619047619,1,0,0,1,1,1,1,1,1,1,1,1,1,1,1,1,1,1,1,1
48,10044,0.0476190476190476,0.9047619047619048,1,1,1,1,1,1,1,1,1,1,1,1,1,0,1,1,1,1,1,0
49,8938,0.8571428571428571,0.0952380952380952,0,0,1,0,0,0,0,0,0,0,0,0,0,0,0,0,0,0,0,0
50,3248,0.6190476190476191,0.3333333333333333,1,0,1,1,1,0,1,0,0,0,1,1,1,0,0,0,0,1,0,0
51,4943,0.9047619047619048,0.0476190476190476,0,0,0,0,0,0,0,0,0,0,0,0,0,0,0,0,0,0,0,0
52,3854,0.5714285714285714,0.3809523809523809,0,0,1,1,0,1,0,0,0,1,0,1,0,0,0,1,0,0,0,0
53,1103,0.8095238095238095,0.1428571428571428,0,0,0,1,0,0,0,0,0,0,0,0,0,1,0,0,0,0,1,0
54,4977,0.9523809523809524,0.0,0,0,0,0,0,0,0,0,0,0,0,0,1,0,0,0,0,0,0,0
55,5765,0.0,0.9523809523809524,1,1,1,1,1,1,1,1,1,1,1,1,1,1,1,1,1,1,1,1
56,2002,0.0476190476190476,0.9047619047619048,1,1,1,1,1,1,1,1,1,1,1,1,1,0,1,1,1,1,1,1
57,4860,0.8571428571428571,0.0952380952380952,0,0,0,0,1,0,0,0,0,0,0,0,1,0,0,0,0,0,0,0
58,1941,0.8571428571428571,0.0952380952380952,1,0,0,0,0,0,0,0,0,0,0,0,0,0,0,0,0,1,1,0
59,913,0.8571428571428571,0.0952380952380952,0,1,0,0,0,0,0,0,0,0,0,0,0,0,0,0,0,0,0,0
60,3010,0.8571428571428571,0.0952380952380952,0,1,0,0,0,0,0,0,0,0,0,0,0,1,0,0,0,0,0,0
61,7897,0.0476190476190476,0.9047619047619048,1,1,1,1,1,1,1,1,1,1,1,0,1,1,1,1,1,1,1,1
62,7920,0.8095238095238095,0.1428571428571428,0,0,0,0,0,0,0,0,0,0,0,1,0,0,0,1,0,0,0,0
63,375,0.0,0.9523809523809524,1,1,1,1,1,1,1,1,1,1,1,1,1,1,1,1,1,1,1,1
64,4991,0.8095238095238095,0.1428571428571428,0,0,0,0,0,0,0,0,1,0,0,0,0,0,0,1,0,1,0,0
65,4546,0.1428571428571428,0.8095238095238095,1,1,1,1,1,1,1,1,0,1,0,1,1,1,1,1,1,0,0,1
66,8046,0.7619047619047619,0.1904761904761904,1,1,0,0,1,0,1,1,0,0,1,0,0,1,0,1,0,0,0,0
67,1066,0.3809523809523809,0.5714285714285714,1,0,0,0,1,0,1,1,1,1,0,1,1,0,1,1,0,0,1,1
68,5049,0.9047619047619048,0.0476190476190476,0,1,0,0,0,0,1,0,0,0,0,0,0,0,0,0,0,0,1,0
69,10502,0.9523809523809524,0.0,0,0,0,0,0,0,0,0,0,0,0,0,0,0,1,0,1,0,0,0
70,4640,0.9523809523809524,0.0,0,0,0,0,0,0,0,0,0,0,0,0,0,0,0,0,0,0,0,0
71,4098,0.8571428571428571,0.0952380952380952,1,0,0,1,0,0,0,1,0,0,0,0,0,0,0,0,0,0,0,0
72,7834,0.7142857142857143,0.238095238095238,0,1,0,0,0,0,0,0,0,0,0,1,0,1,0,0,1,0,1,1
73,794,0.8095238095238095,0.1428571428571428,0,0,0,0,0,1,0,1,0,0,0,0,0,0,0,0,0,0,0,0
74,408,0.7142857142857143,0.238095238095238,0,1,0,1,0,1,0,0,0,1,0,1,1,0,0,0,0,0,0,0
75,3647,0.4761904761904761,0.4761904761904761,1,1,1,1,1,1,1,1,1,1,0,1,1,1,1,0,1,0,0,1
76,5500,0.4761904761904761,0.4761904761904761,0,1,1,0,1,1,0,1,0,0,0,1,0,1,0,1,0,0,0,0
77,2034,0.6190476190476191,0.3333333333333333,1,0,0,0,1,0,1,1,0,1,0,0,0,1,0,0,1,1,1,0
78,726,0.7142857142857143,0.238095238095238,0,0,0,1,0,1,0,0,1,0,0,0,0,1,0,0,0,1,1,0
79,9634,0.0,0.9523809523809524,1,1,1,1,1,1,1,1,1,1,1,1,1,1,1,1,1,1,1,1
80,6189,0.8571428571428571,0.0952380952380952,0,0,0,1,0,0,1,1,0,0,0,0,0,1,1,0,0,0,0,0
81,4629,0.0,0.9523809523809524,1,1,1,1,1,1,1,1,1,1,1,1,1,1,1,1,1,1,1,1
82,9407,0.0,0.9523809523809524,1,1,1,1,1,1,1,1,1,1,1,1,1,1,1,1,1,1,1,1
83,6240,0.8571428571428571,0.0952380952380952,0,0,1,0,0,0,0,0,0,1,1,1,1,1,0,0,0,0,0,0
84,2525,0.9047619047619048,0.0476190476190476,0,0,0,0,1,0,0,0,0,0,0,0,0,0,1,0,0,0,0,0
85,8162,0.6666666666666666,0.2857142857142857,1,0,0,0,0,1,1,0,0,1,0,0,1,1,1,0,0,0,0,0
86,1195,0.0952380952380952,0.8571428571428571,1,1,1,1,1,1,1,1,1,1,1,1,1,1,1,0,1,1,1,1
87,2703,0.4285714285714285,0.5238095238095238,1,0,1,0,1,1,1,0,1,1,1,1,1,1,0,0,0,1,0,1
88,6207,0.0476190476190476,0.9047619047619048,1,1,1,1,1,1,1,1,1,1,0,1,1,0,1,1,1,1,1,1
89,10423,0.5714285714285714,0.3809523809523809,0,0,1,0,1,1,0,0,0,0,1,0,1,0,0,0,1,0,1,1
90,282,0.8571428571428571,0.0952380952380952,1,0,0,0,0,0,1,0,0,1,0,0,1,0,1,0,0,0,0,0
91,7032,0.9047619047619048,0.0476190476190476,1,0,0,0,0,0,1,1,0,0,0,0,0,0,0,0,0,0,0,0
92,838,0.7619047619047619,0.1904761904761904,0,0,1,0,0,0,0,0,0,0,0,0,1,0,0,0,0,0,1,0
93,10220,0.6190476190476191,0.3333333333333333,1,1,1,0,1,0,1,0,0,1,0,0,0,0,0,1,0,1,1,1
94,1490,0.7619047619047619,0.1904761904761904,0,0,0,0,0,0,0,0,0,0,0,0,1,0,0,0,0,1,1,0
95,6884,0.9047619047619048,0.0476190476190476,0,0,0,0,0,0,0,1,0,0,0,0,0,0,0,1,0,0,1,0
96,10748,0.8571428571428571,0.0952380952380952,0,0,0,0,1,1,1,0,0,0,0,0,0,0,0,1,0,0,0,0
97,1361,0.7619047619047619,0.1904761904761904,0,0,0,0,0,0,0,0,0,0,0,0,0,1,0,1,0,0,0,1
98,4161,0.0,0.9523809523809524,1,1,1,1,1,1,1,1,1,1,1,1,1,1,1,1,1,1,1,1
99,5270,0.9047619047619048,0.0476190476190476,1,0,0,0,0,1,0,0,0,0,0,1,0,0,0,0,0,0,0,0
100,7416,0.0952380952380952,0.8571428571428571,1,1,0,1,1,1,1,1,1,1,1,0,1,0,1,1,1,1,1,1
101,8099,0.9047619047619048,0.0476190476190476,0,0,0,0,0,0,0,0,0,0,0,0,0,0,0,0,0,0,1,0
102,2685,0.6666666666666666,0.2857142857142857,1,1,0,0,0,1,0,1,1,0,1,1,0,0,1,0,0,0,0,0
103,2624,0.238095238095238,0.7142857142857143,0,1,1,0,1,1,0,0,1,1,1,0,1,1,1,1,1,1,0,0
104,3768,0.3809523809523809,0.5714285714285714,1,0,0,0,0,0,1,1,1,1,0,1,1,1,0,1,1,1,0,1
105,10448,0.9047619047619048,0.0476190476190476,0,0,0,0,0,0,0,0,0,1,0,0,0,0,0,0,0,0,1,0
106,5614,0.7619047619047619,0.1904761904761904,0,0,0,1,0,0,0,0,1,0,1,0,0,0,0,0,0,0,0,0
107,2338,0.8571428571428571,0.0952380952380952,0,0,0,1,0,0,0,0,0,0,1,0,0,0,0,0,0,1,0,0
108,4029,0.1904761904761904,0.7619047619047619,1,1,1,1,1,1,1,1,1,1,1,0,1,1,1,1,1,1,1,1
109,4082,0.0476190476190476,0.9047619047619048,1,1,0,1,1,1,1,1,1,1,0,1,1,1,1,1,1,1,1,1
110,4426,0.9047619047619048,0.0476190476190476,0,0,0,0,1,0,0,0,0,0,0,0,0,0,0,0,0,0,0,0
111,7079,0.1428571428571428,0.8095238095238095,1,1,0,1,1,1,1,1,1,1,0,1,1,1,1,1,0,1,1,1
112,7840,0.238095238095238,0.7142857142857143,1,1,1,1,1,0,1,1,0,0,1,1,1,1,1,0,1,1,1,1
113,9889,0.0952380952380952,0.8571428571428571,1,1,1,1,1,1,1,1,1,1,0,1,1,1,0,1,1,1,1,0
114,7315,0.8571428571428571,0.0952380952380952,0,0,0,0,0,0,1,0,0,0,0,0,0,0,0,0,0,0,0,0
115,2691,0.5238095238095238,0.4285714285714285,0,1,0,0,1,1,0,1,0,1,1,0,0,1,0,1,0,0,1,0
116,7010,0.9047619047619048,0.0476190476190476,0,0,0,0,0,0,1,0,0,1,0,0,0,1,0,0,0,0,0,0
117,7170,0.5238095238095238,0.4285714285714285,0,1,0,1,1,0,1,0,0,1,0,0,0,0,1,0,1,1,0,1
118,6314,0.1904761904761904,0.7619047619047619,1,0,1,1,0,1,1,0,1,1,0,1,1,0,1,0,1,1,0,1
119,999,0.3809523809523809,0.5714285714285714,0,1,1,1,0,0,1,0,1,1,1,1,0,0,0,0,0,1,1,0
120,4620,0.7142857142857143,0.238095238095238,1,1,1,0,0,0,0,0,1,0,0,0,0,0,1,0,0,0,1,0
121,8909,0.8095238095238095,0.1428571428571428,0,0,1,0,0,0,0,0,0,0,0,0,0,1,1,1,0,0,1,0
122,5607,0.0,0.9523809523809524,1,1,1,1,1,1,1,1,1,1,1,1,1,1,1,1,1,1,1,1
123,4126,0.3333333333333333,0.6190476190476191,1,1,1,0,1,1,1,1,1,1,0,1,0,1,1,1,1,0,1,1
124,6683,0.8571428571428571,0.0952380952380952,0,0,0,1,0,0,0,0,0,0,0,0,0,0,0,0,0,0,0,0
125,10390,0.8571428571428571,0.0952380952380952,0,1,0,0,0,0,0,0,0,0,0,0,0,0,0,0,0,0,1,0
126,10762,0.4761904761904761,0.4761904761904761,0,1,1,1,1,1,0,1,1,1,1,1,0,0,1,0,1,1,0,1
127,4703,0.238095238095238,0.7142857142857143,1,1,1,1,1,1,1,0,0,0,0,1,1,1,1,1,1,1,1,1
128,9428,0.0952380952380952,0.8571428571428571,1,1,1,0,1,1,1,1,1,1,1,1,1,1,1,1,1,1,1,1
129,5917,0.3809523809523809,0.5714285714285714,1,1,1,1,0,0,1,0,1,1,0,0,0,1,1,1,1,1,0,1
130,5213,0.1428571428571428,0.8095238095238095,1,1,1,1,1,1,1,1,0,1,1,1,1,1,1,1,1,1,1,0
131,505,0.2857142857142857,0.6666666666666666,1,1,1,1,1,1,0,1,1,1,1,1,1,1,1,1,1,1,0,1
132,1833,0.7142857142857143,0.238095238095238,1,0,0,1,1,0,1,0,0,0,0,1,1,0,0,0,0,1,1,1
133,5352,0.1428571428571428,0.8095238095238095,1,1,1,0,1,1,0,1,1,1,0,1,0,1,1,1,1,1,1,1
134,7224,0.7142857142857143,0.238095238095238,0,0,0,0,0,0,0,0,1,0,0,0,0,0,0,0,0,1,0,0
135,10783,0.9523809523809524,0.0,0,0,0,0,0,0,1,0,0,0,0,0,0,1,0,0,0,0,0,0
136,5217,0.0952380952380952,0.8571428571428571,1,0,1,1,1,1,1,1,1,1,1,1,1,1,0,1,1,1,0,1
137,4461,0.238095238095238,0.7142857142857143,0,0,1,1,1,1,1,1,1,1,1,1,1,1,1,1,1,1,0,1
138,3510,0.9523809523809524,0.0,0,0,0,0,0,0,0,0,0,0,0,0,0,0,0,0,0,0,0,0
139,9844,0.6190476190476191,0.3333333333333333,0,0,0,0,1,0,1,0,0,0,0,0,0,1,1,0,1,1,1,0
140,526,0.4761904761904761,0.4761904761904761,1,1,1,1,0,1,1,0,0,0,0,1,1,0,1,1,1,0,1,1
141,10824,0.6666666666666666,0.2857142857142857,0,0,0,1,1,0,1,0,1,0,0,1,0,0,0,0,1,1,1,0
142,9690,0.5238095238095238,0.4285714285714285,0,1,0,0,0,1,1,0,0,1,1,0,0,1,0,1,1,0,1,0
143,10919,0.9523809523809524,0.0,0,0,0,0,1,0,0,0,0,0,0,0,0,0,0,0,0,0,0,0
144,2572,0.7619047619047619,0.1904761904761904,0,0,0,0,0,0,0,0,0,0,0,0,0,0,0,0,0,0,0,0
145,8528,0.4761904761904761,0.4761904761904761,1,1,1,0,0,0,1,1,1,1,0,0,1,0,1,0,1,0,0,0
146,1159,0.9523809523809524,0.0,0,0,0,0,0,0,0,0,1,0,0,0,0,0,0,0,0,0,0,0
147,3234,0.0952380952380952,0.8571428571428571,1,1,1,1,1,1,1,1,1,1,1,1,1,1,1,1,1,1,1,1
148,1286,0.8571428571428571,0.0952380952380952,0,0,0,1,0,0,1,1,0,0,0,0,0,0,0,0,0,0,0,0
149,7219,0.0952380952380952,0.8571428571428571,1,1,1,0,1,1,0,1,1,1,1,1,0,1,0,1,0,1,1,1
150,2773,0.9523809523809524,0.0,1,0,0,0,1,0,0,0,0,0,0,0,0,0,0,0,0,0,0,0
151,4558,0.9047619047619048,0.0476190476190476,0,0,0,1,0,0,0,0,0,0,0,0,0,0,0,0,0,0,0,1
152,9352,0.0476190476190476,0.9047619047619048,1,1,1,1,1,1,1,1,1,1,1,1,1,1,1,1,1,1,1,1
153,8924,0.238095238095238,0.7142857142857143,1,1,1,1,0,1,0,0,1,1,1,1,1,0,0,1,1,0,0,1
154,853,0.3333333333333333,0.6190476190476191,1,0,0,1,1,0,0,0,1,1,1,1,1,1,1,0,1,1,0,0
155,1385,0.9047619047619048,0.0476190476190476,0,0,0,0,0,0,0,0,0,0,0,0,0,1,0,0,0,0,1,0
156,5489,0.9047619047619048,0.0476190476190476,0,0,1,0,0,0,1,0,0,0,0,0,0,0,0,0,0,0,0,1
157,5449,0.7142857142857143,0.238095238095238,0,0,1,0,0,1,0,0,0,0,0,0,0,0,0,0,1,0,1,0
158,9919,0.7619047619047619,0.1904761904761904,1,0,1,0,1,0,0,0,0,1,0,0,0,0,1,0,0,0,0,0
159,1856,0.6666666666666666,0.2857142857142857,0,1,1,0,0,0,1,0,1,0,0,1,0,0,0,1,0,0,0,0
160,1162,0.9047619047619048,0.0476190476190476,0,1,0,1,0,0,1,0,0,0,0,0,0,1,0,0,0,0,0,1
161,10958,0.6190476190476191,0.3333333333333333,1,0,0,1,1,0,0,0,0,0,0,0,1,1,1,1,1,0,0,1
162,3794,0.0952380952380952,0.8571428571428571,1,1,1,1,1,1,1,1,0,1,1,1,1,1,1,1,1,1,1,1
163,5127,0.8571428571428571,0.0952380952380952,0,0,0,0,0,0,0,0,0,0,0,1,0,0,0,0,0,0,1,0
164,4193,0.8571428571428571,0.0952380952380952,0,1,0,0,0,0,0,0,1,0,0,1,0,0,1,1,0,0,0,0
165,9933,0.9523809523809524,0.0,0,0,1,0,0,0,0,0,0,0,0,0,0,0,0,0,1,0,1,0
166,3738,0.0,0.9523809523809524,1,1,1,1,1,1,1,1,1,1,1,1,1,1,1,1,1,1,1,1
167,9231,0.0476190476190476,0.9047619047619048,1,1,1,1,1,1,1,1,1,1,1,1,1,0,1,1,1,1,1,1
168,10709,0.9523809523809524,0.0,0,0,0,0,0,0,0,0,0,0,0,0,0,0,0,0,0,0,0,0
169,3315,0.8571428571428571,0.0952380952380952,0,0,0,0,1,0,0,0,0,0,1,1,0,0,0,0,0,0,0,0
170,6386,0.6190476190476191,0.3333333333333333,0,0,0,0,0,0,1,0,0,1,1,0,1,1,0,1,1,1,0,0
171,6546,0.2857142857142857,0.6666666666666666,0,1,1,1,1,0,1,1,1,1,1,1,1,0,1,1,1,1,1,0
172,5830,0.3809523809523809,0.5714285714285714,0,1,1,0,0,1,0,1,1,0,1,1,1,1,1,1,0,1,0,1
173,3848,0.9523809523809524,0.0,0,1,0,0,0,0,0,0,0,0,0,0,0,0,0,0,1,0,0,0
174,9242,0.7619047619047619,0.1904761904761904,0,1,0,0,0,0,0,0,0,0,0,0,0,0,0,0,0,1,0,0
175,4290,0.8095238095238095,0.1428571428571428,0,0,0,0,0,0,0,1,0,1,0,1,0,0,0,0,1,1,1,0
176,685,0.3333333333333333,0.6190476190476191,1,0,1,0,1,0,1,0,1,1,1,1,1,1,1,1,1,1,0,0
177,7517,0.9523809523809524,0.0,0,0,0,0,0,0,0,1,0,0,0,0,0,0,0,0,0,0,0,0
178,7437,0.8571428571428571,0.0952380952380952,0,0,0,0,0,0,0,0,0,0,0,0,1,0,0,0,0,1,0,0
179,10137,0.8571428571428571,0.0952380952380952,0,0,0,0,0,0,0,1,0,0,0,0,0,0,0,0,0,0,0,0
180,9586,0.1428571428571428,0.8095238095238095,1,1,1,1,0,1,0,1,0,1,1,1,1,1,1,1,1,1,1,1
181,9467,0.0952380952380952,0.8571428571428571,1,1,1,0,1,1,1,1,1,1,1,1,1,1,1,1,1,1,1,1
182,9336,0.0,0.9523809523809524,1,1,1,1,1,1,1,1,1,1,1,1,1,1,1,1,1,1,1,1
183,8532,0.5238095238095238,0.4285714285714285,0,1,1,0,0,1,1,0,0,1,1,0,0,0,1,1,0,0,0,1
184,2228,0.8571428571428571,0.0952380952380952,0,1,0,0,0,0,0,0,0,0,0,0,0,1,0,0,0,1,0,0
185,10591,0.7142857142857143,0.238095238095238,0,1,0,0,0,0,0,1,1,0,0,0,0,0,0,0,0,1,0,1
186,5985,0.9523809523809524,0.0,0,0,0,0,0,0,0,0,0,0,0,0,0,0,0,0,0,0,0,0
187,9328,0.9523809523809524,0.0,0,0,0,0,0,0,0,0,0,0,0,0,0,0,0,0,0,0,1,0
188,1166,0.8095238095238095,0.1428571428571428,0,0,0,0,0,0,0,1,0,0,0,0,0,0,0,0,0,0,0,0
189,7830,0.4285714285714285,0.5238095238095238,0,1,1,1,1,1,1,0,1,0,1,0,0,1,1,0,1,0,1,1
190,6171,0.8095238095238095,0.1428571428571428,0,0,0,0,0,0,0,0,0,0,1,0,0,0,0,0,0,0,0,0
191,10150,0.8095238095238095,0.1428571428571428,1,0,1,0,0,0,0,0,0,0,0,1,0,0,0,0,0,0,0,0
192,4117,0.8571428571428571,0.0952380952380952,1,0,0,0,0,0,0,1,0,0,0,0,0,0,0,1,0,0,0,0
193,42,0.7619047619047619,0.1904761904761904,1,0,0,0,0,0,0,0,0,0,1,0,0,1,0,0,0,0,0,1
194,9686,0.8095238095238095,0.1428571428571428,1,1,0,0,0,0,0,0,0,0,0,0,0,0,0,0,0,0,0,0
195,10700,0.9523809523809524,0.0,0,0,0,0,0,0,0,0,0,0,0,0,0,0,0,0,0,0,0,1
196,9399,0.5714285714285714,0.3809523809523809,0,0,1,0,0,0,1,1,0,0,0,0,0,0,0,1,0,0,0,1
197,9820,0.4761904761904761,0.4761904761904761,0,1,0,0,1,1,0,1,0,0,0,1,1,1,1,0,0,1,1,1
198,9609,0.9523809523809524,0.0,0,0,0,0,0,0,0,1,0,0,0,0,0,0,0,0,0,0,0,0
199,7199,0.4761904761904761,0.4761904761904761,0,0,1,1,1,1,1,1,1,0,1,0,0,1,1,0,1,0,0,1
200,10319,0.4285714285714285,0.5238095238095238,0,1,0,0,0,0,1,1,1,0,0,1,1,0,1,0,1,0,1,1
201,2901,0.6666666666666666,0.2857142857142857,0,1,0,0,1,1,0,1,0,0,0,0,1,0,1,0,0,0,1,1
202,5307,0.1428571428571428,0.8095238095238095,1,1,1,1,1,1,0,1,1,1,1,1,1,1,1,1,1,0,1,1
203,2006,0.5238095238095238,0.4285714285714285,0,1,1,0,1,1,0,1,1,1,1,0,1,0,1,1,1,0,1,0
204,115,0.4761904761904761,0.4761904761904761,1,1,1,1,0,0,0,1,0,1,0,1,0,0,1,0,0,0,0,1
205,1044,0.0952380952380952,0.8571428571428571,1,1,1,1,0,1,1,1,1,0,1,1,0,1,1,1,1,1,1,0
206,7602,0.9047619047619048,0.0476190476190476,0,0,0,0,0,0,0,0,0,0,0,0,0,0,0,0,1,0,0,0
207,2737,0.9047619047619048,0.0476190476190476,0,0,0,0,0,0,0,0,0,0,0,1,0,0,0,0,0,0,0,0
208,2020,0.0,0.9523809523809524,1,1,1,1,1,1,1,1,1,1,1,1,1,1,1,1,1,1,1,1
209,4996,0.1428571428571428,0.8095238095238095,1,1,0,1,0,1,1,1,1,1,1,1,1,1,1,1,1,1,1,1
210,1130,0.9523809523809524,0.0,1,0,0,0,1,0,0,0,0,0,0,0,0,0,0,0,1,0,0,0
211,2195,0.9047619047619048,0.0476190476190476,0,0,0,1,0,0,0,0,0,0,0,1,0,0,0,0,0,0,0,0
212,3309,0.9523809523809524,0.0,0,0,0,0,0,0,0,0,0,0,0,0,0,0,0,0,0,0,0,1
213,4342,0.6190476190476191,0.3333333333333333,0,0,0,0,0,0,0,1,1,1,0,1,0,0,0,1,1,0,1,1
214,7457,0.8571428571428571,0.0952380952380952,1,0,0,0,0,0,1,1,0,0,0,0,0,0,0,0,0,1,0,0
215,3863,0.8571428571428571,0.0952380952380952,1,0,0,0,0,0,0,0,0,0,0,0,0,0,0,0,0,0,1,1
216,5882,0.4761904761904761,0.4761904761904761,1,1,1,0,1,0,1,0,0,1,1,0,0,0,1,0,1,1,0,0
217,5543,0.7142857142857143,0.238095238095238,0,1,0,0,0,0,0,0,1,1,0,0,0,0,0,1,0,1,1,0
218,6129,0.4761904761904761,0.4761904761904761,1,0,0,1,1,1,1,0,0,1,1,1,0,0,0,0,0,1,0,1
219,7636,0.9523809523809524,0.0,0,1,0,0,0,0,0,0,0,0,0,1,0,0,0,0,0,0,0,0
220,3145,0.9047619047619048,0.0476190476190476,0,0,0,0,0,0,0,0,0,0,0,0,0,0,0,0,0,0,0,0
221,2156,0.3809523809523809,0.5714285714285714,0,0,0,0,0,1,1,1,1,1,0,1,0,1,0,1,1,1,1,0
222,7258,0.8571428571428571,0.0952380952380952,0,0,1,0,0,0,0,0,0,0,0,0,0,0,0,0,1,0,0,0
223,7003,0.7619047619047619,0.1904761904761904,0,0,0,0,0,0,0,0,0,0,0,0,1,0,1,0,0,0,1,0
224,10327,0.7142857142857143,0.238095238095238,0,0,1,1,0,0,1,1,0,0,0,0,0,0,1,0,0,0,0,0
225,7958,0.4285714285714285,0.5238095238095238,1,0,1,1,1,0,1,1,1,1,0,1,1,1,1,1,1,1,1,1
226,6096,0.4761904761904761,0.4761904761904761,0,1,0,1,1,1,0,0,1,0,1,1,1,0,1,0,1,1,0,1
227,10401,0.8095238095238095,0.1428571428571428,1,1,1,1,0,1,0,1,1,0,0,0,0,0,1,0,0,0,0,0
228,6586,0.7142857142857143,0.238095238095238,0,0,0,0,0,0,1,1,0,0,0,1,0,0,0,0,0,0,0,0
229,9357,0.0476190476190476,0.9047619047619048,1,1,1,1,1,1,1,1,0,1,1,1,1,1,1,1,1,1,1,1
230,6170,0.9523809523809524,0.0,0,0,0,0,0,1,0,0,0,0,0,0,0,0,0,0,0,0,0,0
231,1160,0.6190476190476191,0.3333333333333333,1,0,1,0,1,0,0,0,1,1,0,0,0,0,0,1,1,1,0,0
232,6377,0.6666666666666666,0.2857142857142857,0,0,1,0,0,0,1,0,0,0,0,1,0,0,1,0,0,0,1,1
233,2533,0.0476190476190476,0.9047619047619048,1,1,1,1,1,1,1,1,0,1,1,1,1,1,1,1,1,1,0,1
234,9617,0.8095238095238095,0.1428571428571428,0,0,0,0,0,0,0,0,0,1,0,0,0,0,0,0,0,0,1,0
235,5433,0.7142857142857143,0.238095238095238,0,0,0,0,1,0,1,0,1,1,1,0,1,0,0,1,0,0,0,1
236,9833,0.6190476190476191,0.3333333333333333,0,0,0,0,0,0,1,0,0,1,0,0,1,1,1,1,1,1,0,0
237,4122,0.6666666666666666,0.2857142857142857,1,0,1,1,0,0,1,1,0,0,0,0,1,0,1,0,1,0,0,0
238,2586,0.4761904761904761,0.4761904761904761,0,0,0,1,1,1,0,0,0,1,1,1,0,0,0,0,0,1,0,1
239,1870,0.6190476190476191,0.3333333333333333,0,0,1,0,0,0,1,1,1,0,1,0,1,0,1,0,1,1,1,1
240,2502,0.7619047619047619,0.1904761904761904,0,1,0,0,0,0,0,0,0,0,0,0,0,1,1,1,0,1,0,0
241,4724,0.0476190476190476,0.9047619047619048,1,1,1,1,1,1,1,1,1,1,1,1,1,1,1,0,1,1,1,1
242,2790,0.8095238095238095,0.1428571428571428,0,0,0,0,0,0,0,0,0,0,0,0,0,0,1,0,0,0,0,0
243,3602,0.8571428571428571,0.0952380952380952,0,0,0,0,0,1,0,0,1,0,0,0,0,0,0,0,0,0,0,0
244,10706,0.8095238095238095,0.1428571428571428,1,0,0,0,0,0,1,0,0,0,0,0,0,0,0,0,0,0,1,0
245,6251,0.0476190476190476,0.9047619047619048,0,1,1,1,1,1,1,1,1,1,0,1,1,1,1,1,0,1,1,1
246,1059,0.5714285714285714,0.3809523809523809,0,0,0,0,0,0,0,0,0,0,0,0,1,1,0,0,0,0,0,0
247,3322,0.238095238095238,0.7142857142857143,1,0,1,1,1,1,1,0,0,1,1,1,1,1,1,1,1,1,1,1
248,4444,0.3333333333333333,0.6190476190476191,0,1,0,1,1,1,1,1,0,1,1,1,1,1,1,1,0,0,1,1
249,10076,0.0952380952380952,0.8571428571428571,0,1,1,1,1,0,1,1,1,1,1,1,0,1,1,1,1,1,1,1
250,9045,0.7142857142857143,0.238095238095238,0,1,0,0,0,0,0,0,1,0,0,1,0,0,0,0,1,0,0,0
251,4258,0.8571428571428571,0.0952380952380952,0,1,0,0,0,0,0,0,0,0,0,0,1,0,0,0,0,1,0,0
252,4101,0.9047619047619048,0.0476190476190476,0,0,0,0,0,0,0,0,0,0,0,0,0,1,0,0,0,0,0,0
253,800,0.0476190476190476,0.9047619047619048,1,1,1,1,1,1,0,1,1,0,1,1,1,1,1,1,1,1,1,1
254,893,0.8095238095238095,0.1428571428571428,0,0,1,0,0,1,1,0,1,0,1,0,1,1,0,0,0,1,0,0
255,6908,0.9047619047619048,0.0476190476190476,0,0,1,0,1,0,0,0,0,0,0,1,0,0,0,0,1,0,0,0
256,8054,0.5238095238095238,0.4285714285714285,0,0,0,0,0,1,0,1,1,0,0,0,0,0,0,1,0,0,0,0
257,9150,0.7619047619047619,0.1904761904761904,0,0,0,0,0,1,0,0,0,0,0,0,0,1,0,0,1,0,0,0
258,4226,0.7142857142857143,0.238095238095238,0,0,0,0,0,1,0,0,0,1,0,1,0,1,0,0,0,0,0,1
259,6424,0.7142857142857143,0.238095238095238,0,1,0,0,0,1,0,0,0,0,0,0,1,1,0,0,0,0,0,0
260,4686,0.9047619047619048,0.0476190476190476,0,0,0,0,0,0,0,0,0,0,0,0,0,0,0,0,0,0,0,0
261,7578,0.4761904761904761,0.4761904761904761,0,1,0,1,1,1,1,0,0,1,0,0,0,1,0,1,0,0,0,0
262,4404,0.4761904761904761,0.4761904761904761,1,0,1,0,1,1,1,1,0,1,0,0,0,1,1,0,0,1,0,1
263,8188,0.3809523809523809,0.5714285714285714,1,0,1,0,0,1,0,1,0,0,1,1,1,1,0,0,1,0,1,1
264,7985,0.5714285714285714,0.3809523809523809,0,1,0,1,1,0,0,0,1,0,0,0,1,1,0,0,1,0,0,1
265,1865,0.8095238095238095,0.1428571428571428,0,0,0,0,0,0,0,0,0,0,0,0,0,0,0,1,0,0,0,0
266,8905,0.8571428571428571,0.0952380952380952,0,0,1,0,0,0,0,1,0,0,0,0,0,0,0,0,0,0,0,0
267,206,0.8571428571428571,0.0952380952380952,0,0,1,0,0,1,0,0,1,0,1,0,0,0,0,0,0,0,0,0
268,7472,0.9047619047619048,0.0476190476190476,0,0,0,0,0,0,0,0,1,0,0,0,0,0,1,0,0,0,0,0
269,7555,0.9523809523809524,0.0,0,1,0,0,1,0,0,0,0,0,0,0,1,0,0,0,0,0,0,0
270,2955,0.6666666666666666,0.2857142857142857,0,0,0,1,0,0,0,1,0,0,0,0,1,1,0,0,0,1,0,0
271,7348,0.9047619047619048,0.0476190476190476,0,0,1,0,0,0,0,0,0,0,0,1,0,0,0,0,0,0,0,0
272,4967,0.8571428571428571,0.0952380952380952,1,0,0,0,0,0,0,0,1,0,1,0,0,0,0,0,1,1,0,0
273,8248,0.7619047619047619,0.1904761904761904,1,0,0,0,0,0,0,0,0,0,0,0,0,0,0,0,1,0,0,0
274,5575,0.8095238095238095,0.1428571428571428,0,0,1,0,0,0,0,0,0,1,0,0,0,1,0,0,0,0,0,0
275,6379,0.4761904761904761,0.4761904761904761,1,1,0,1,1,0,0,0,1,0,0,0,1,1,0,1,0,0,1,1
276,5134,0.9523809523809524,0.0,0,0,0,0,0,0,0,0,0,0,0,0,0,1,0,0,0,0,0,0
277,227,0.2857142857142857,0.6666666666666666,0,1,1,0,1,1,1,1,1,1,1,1,0,0,1,1,1,1,1,1
278,6229,0.7142857142857143,0.238095238095238,0,1,0,0,0,1,0,1,0,0,0,1,0,1,0,1,1,1,0,1
279,5923,0.4761904761904761,0.4761904761904761,0,0,1,1,0,0,0,1,1,0,1,1,0,1,0,1,1,1,1,0
280,7259,0.0476190476190476,0.9047619047619048,1,1,1,1,1,1,1,1,1,1,1,1,1,1,1,1,1,1,1,1
281,10008,0.3333333333333333,0.6190476190476191,0,0,1,1,0,1,0,1,1,1,1,1,1,1,0,1,0,1,0,1
282,9830,0.6666666666666666,0.2857142857142857,1,1,1,1,1,0,1,0,0,0,1,1,0,0,0,1,0,1,0,0
283,4637,0.4285714285714285,0.5238095238095238,1,0,0,1,1,0,1,1,0,1,0,1,1,0,1,1,1,1,1,0
284,8882,0.8571428571428571,0.0952380952380952,0,0,0,0,0,0,0,0,0,1,0,0,0,0,0,0,0,0,1,1
285,3289,0.0476190476190476,0.9047619047619048,1,1,1,1,1,1,1,0,1,1,1,1,1,1,1,1,1,0,1,1
286,3790,0.3333333333333333,0.6190476190476191,1,1,1,1,0,0,0,0,1,1,1,1,0,1,0,1,1,0,0,1
287,9437,0.0476190476190476,0.9047619047619048,1,1,1,1,1,1,1,1,0,1,1,1,1,1,1,1,1,1,0,0
288,9405,0.9523809523809524,0.0,0,0,0,0,0,0,0,0,0,0,0,0,0,0,0,0,0,0,0,0
289,552,0.7142857142857143,0.238095238095238,0,0,0,0,0,0,0,1,0,0,0,0,0,0,0,0,0,1,0,1
290,5852,0.6666666666666666,0.2857142857142857,1,1,0,0,0,1,1,0,0,0,1,0,0,0,0,0,0,0,1,1
291,2758,0.7142857142857143,0.238095238095238,0,0,0,1,0,1,0,0,0,0,0,1,0,0,0,0,1,0,0,0
292,10878,0.5714285714285714,0.3809523809523809,0,1,0,1,0,0,0,0,1,1,1,1,0,1,0,0,0,0,0,0
293,8881,0.1904761904761904,0.7619047619047619,1,1,1,1,1,1,1,1,1,1,1,1,0,1,1,1,1,1,1,1
294,5330,0.0952380952380952,0.8571428571428571,1,1,1,1,1,0,1,1,1,1,1,1,1,1,1,1,0,1,1,1
295,4907,0.9047619047619048,0.0476190476190476,0,0,0,1,0,0,0,1,0,0,0,1,1,0,0,0,0,0,1,0
296,2605,0.6666666666666666,0.2857142857142857,0,0,1,0,0,1,0,1,1,0,0,1,0,1,0,0,1,1,1,0
297,10491,0.7619047619047619,0.1904761904761904,0,0,0,1,0,1,0,0,0,0,0,0,1,1,0,0,0,0,0,0
298,3215,0.8571428571428571,0.0952380952380952,1,0,1,0,0,0,1,0,0,0,0,0,1,0,1,0,0,0,0,0
299,2476,0.9047619047619048,0.0476190476190476,0,0,0,0,0,0,0,0,0,0,0,0,0,0,0,0,0,0,0,0
300,3246,0.9047619047619048,0.0476190476190476,0,0,0,1,0,0,0,1,0,0,0,0,0,0,1,0,0,0,0,0
301,3408,0.1428571428571428,0.8095238095238095,1,1,1,1,1,1,1,1,1,1,1,1,1,1,1,1,1,0,1,1
302,10721,0.2857142857142857,0.6666666666666666,1,1,1,0,0,1,1,1,1,0,1,1,1,1,0,1,1,1,0,1
303,6319,0.8095238095238095,0.1428571428571428,0,1,0,0,0,0,0,0,0,0,0,0,0,0,1,0,0,0,0,1
304,4028,0.9047619047619048,0.0476190476190476,0,0,0,0,0,0,0,0,0,0,0,0,0,0,0,0,0,0,0,0
305,1871,0.9047619047619048,0.0476190476190476,0,0,0,1,0,0,0,0,1,0,0,0,0,0,0,0,0,0,0,1
306,5993,0.8571428571428571,0.0952380952380952,0,0,1,0,0,0,0,0,0,0,0,0,1,0,0,0,0,0,0,0
307,5223,0.7142857142857143,0.238095238095238,0,1,0,0,1,0,1,0,0,0,0,1,0,0,0,0,0,0,0,1
308,2718,0.3333333333333333,0.6190476190476191,0,0,1,0,1,1,1,1,0,1,1,1,1,0,1,1,0,0,0,0
309,9524,0.8095238095238095,0.1428571428571428,0,0,1,0,1,0,0,0,0,0,1,0,0,0,0,0,0,0,0,0
310,6801,0.4285714285714285,0.5238095238095238,1,1,0,1,1,0,0,0,1,1,0,1,1,0,0,0,1,1,1,1
311,10677,0.9523809523809524,0.0,1,0,0,0,0,0,0,0,0,0,0,0,0,0,0,0,0,0,0,0
312,3642,0.6190476190476191,0.3333333333333333,1,0,1,0,0,0,0,1,0,0,1,0,0,0,1,1,0,1,0,0
313,5850,0.7142857142857143,0.238095238095238,0,0,1,0,0,1,1,0,0,0,0,0,0,0,0,0,0,0,0,0
314,4609,0.9047619047619048,0.0476190476190476,0,0,0,0,1,0,0,0,0,0,1,0,0,0,0,0,0,0,0,0
315,6980,0.9047619047619048,0.0476190476190476,0,0,1,0,0,0,0,0,0,0,0,0,0,1,0,0,0,0,0,0
316,9268,0.3333333333333333,0.6190476190476191,0,1,1,1,1,1,0,1,1,1,1,1,1,1,1,1,1,0,1,1
317,2854,0.9047619047619048,0.0476190476190476,0,0,0,0,0,0,0,0,0,0,0,0,0,0,0,0,0,0,0,0
318,9979,0.8571428571428571,0.0952380952380952,0,1,0,0,0,0,0,0,0,0,0,0,0,0,0,0,0,0,1,1
319,10134,0.9047619047619048,0.0476190476190476,0,0,0,0,0,0,0,0,0,0,0,0,0,0,0,0,0,0,0,0
320,700,0.9523809523809524,0.0,0,0,0,1,0,0,0,0,0,0,0,0,0,0,0,0,1,0,0,1
321,3692,0.8095238095238095,0.1428571428571428,0,0,0,0,0,0,0,0,0,0,0,0,0,0,0,0,0,0,0,0
322,2897,0.6666666666666666,0.2857142857142857,1,0,0,0,0,0,0,0,0,0,0,0,0,1,0,0,1,0,0,0
323,2353,0.8571428571428571,0.0952380952380952,0,0,0,1,1,0,0,1,0,0,0,0,0,0,0,0,0,1,0,0
324,2937,0.3333333333333333,0.6190476190476191,1,0,1,1,1,1,1,1,1,1,1,1,1,1,1,1,1,1,1,1
325,5027,0.9047619047619048,0.0476190476190476,0,1,0,0,0,0,0,0,0,0,1,0,0,0,0,1,0,0,0,0
326,5886,0.9523809523809524,0.0,0,0,0,0,0,0,0,0,0,0,0,0,0,0,0,0,0,0,0,0
327,332,0.238095238095238,0.7142857142857143,1,0,1,1,1,0,1,1,1,1,1,1,0,1,1,0,1,1,1,1
328,10528,0.7142857142857143,0.238095238095238,0,0,0,1,0,0,0,0,0,0,0,0,0,0,0,0,0,1,0,1
329,5383,0.7619047619047619,0.1904761904761904,1,0,0,0,0,1,0,1,1,0,0,0,1,1,0,0,0,1,0,1
330,10921,0.0952380952380952,0.8571428571428571,0,0,1,1,0,1,1,1,1,1,1,1,1,1,1,1,0,1,1,0
331,3122,0.4285714285714285,0.5238095238095238,1,0,1,1,1,0,0,0,1,0,0,1,0,1,0,0,1,1,1,0
332,4403,0.0952380952380952,0.8571428571428571,1,1,1,1,1,1,1,1,1,1,1,1,0,1,1,1,1,1,1,1
333,5114,0.9047619047619048,0.0476190476190476,1,0,0,0,0,0,0,0,0,0,0,0,0,0,0,0,0,1,0,0
334,1032,0.9047619047619048,0.0476190476190476,0,0,0,0,0,0,0,0,0,0,0,0,0,0,0,0,1,1,0,0
335,3552,0.9047619047619048,0.0476190476190476,0,0,0,0,0,0,0,1,0,0,0,0,1,1,0,0,0,0,0,0
336,2072,0.9047619047619048,0.0476190476190476,1,0,0,0,0,0,0,0,0,0,0,1,0,0,1,0,0,0,0,0
337,5057,0.8095238095238095,0.1428571428571428,0,0,1,0,0,0,1,0,0,1,1,0,0,1,1,0,0,0,1,0
338,3783,0.9047619047619048,0.0476190476190476,0,0,0,0,0,0,1,0,0,0,0,0,0,0,0,0,0,1,0,1
339,3574,0.9523809523809524,0.0,1,1,1,0,0,0,0,0,0,0,0,0,0,0,0,0,0,0,1,0
340,5263,0.9047619047619048,0.0476190476190476,0,0,1,1,0,0,1,0,0,0,0,0,0,0,1,0,0,0,0,0
341,9921,0.3333333333333333,0.6190476190476191,0,1,0,1,1,0,0,1,1,0,0,1,1,1,0,0,1,0,1,1
342,8171,0.9523809523809524,0.0,0,0,0,0,0,0,0,0,0,0,0,0,0,0,0,1,0,0,0,0
343,7605,0.3333333333333333,0.6190476190476191,0,0,1,0,1,0,1,0,1,0,1,1,1,0,0,0,1,1,1,1
344,7012,0.7619047619047619,0.1904761904761904,1,0,0,1,1,1,0,0,0,0,0,0,0,0,1,0,1,1,0,1
345,4655,0.1428571428571428,0.8095238095238095,0,1,1,1,1,0,1,1,1,1,1,1,1,1,1,1,1,1,1,1
346,7245,0.9047619047619048,0.0476190476190476,0,0,0,0,0,0,0,0,0,0,0,0,0,0,0,1,0,0,0,0
347,10540,0.1904761904761904,0.7619047619047619,1,0,1,1,1,1,1,1,1,0,1,0,1,1,1,1,1,1,1,1
348,9801,0.0476190476190476,0.9047619047619048,1,1,1,1,0,1,1,1,1,1,1,1,1,1,1,0,1,1,1,1
349,7468,0.7142857142857143,0.238095238095238,0,0,0,1,1,0,1,0,1,0,0,1,0,0,0,0,1,1,0,0
350,8045,0.8571428571428571,0.0952380952380952,1,0,0,1,0,1,0,0,0,0,0,1,0,0,0,0,0,0,0,0
351,10836,0.8095238095238095,0.1428571428571428,0,0,0,0,1,0,0,0,0,0,0,0,0,0,0,0,0,0,0,0
352,4436,0.9047619047619048,0.0476190476190476,0,1,0,0,0,1,0,0,0,1,0,0,0,1,1,1,1,0,0,0
353,3483,0.8095238095238095,0.1428571428571428,0,0,0,0,0,0,0,0,0,0,0,1,0,1,0,0,1,0,0,0
354,2396,0.9047619047619048,0.0476190476190476,0,0,0,0,0,0,0,0,0,1,0,0,0,0,0,0,0,0,0,0
355,6205,0.8571428571428571,0.0952380952380952,0,0,0,0,0,0,0,0,0,0,1,1,0,0,0,0,0,0,0,0
356,1904,0.6666666666666666,0.2857142857142857,0,1,0,0,0,0,0,1,1,0,1,0,0,1,0,0,0,1,0,0
357,6443,0.1428571428571428,0.8095238095238095,1,0,0,1,1,1,1,1,1,0,1,1,0,1,0,1,1,1,1,1
358,765,0.8571428571428571,0.0952380952380952,0,0,0,0,0,0,0,0,0,0,0,0,1,0,0,0,0,0,0,1
359,2121,0.0476190476190476,0.9047619047619048,1,1,1,0,1,1,1,1,1,1,1,1,1,1,1,1,1,1,1,1
360,189,0.4285714285714285,0.5238095238095238,0,0,1,0,0,0,1,0,0,0,1,0,0,1,1,1,1,1,1,0
361,7788,0.9047619047619048,0.0476190476190476,0,0,0,0,0,0,0,0,0,0,0,0,0,0,0,0,0,0,0,0
362,5485,0.3333333333333333,0.6190476190476191,0,1,1,1,1,1,1,1,1,1,1,1,1,1,1,1,1,0,0,1
363,8526,0.5714285714285714,0.3809523809523809,1,1,0,0,0,0,1,0,0,0,0,1,1,1,0,1,1,1,1,1
364,1796,0.4285714285714285,0.5238095238095238,0,0,1,1,1,1,0,1,0,1,1,0,0,0,1,0,0,0,0,0
365,2078,0.8571428571428571,0.0952380952380952,0,0,0,0,0,0,0,0,0,0,0,1,0,0,0,0,0,0,1,0
366,10498,0.8095238095238095,0.1428571428571428,0,0,0,1,0,0,0,0,1,1,0,0,0,0,0,1,0,1,0,0
367,4255,0.9523809523809524,0.0,0,0,0,0,0,0,0,0,0,0,0,0,0,1,0,0,0,0,0,0
368,10499,0.9047619047619048,0.0476190476190476,1,0,0,0,0,0,0,0,0,0,0,0,1,0,0,0,0,0,0,0
369,7914,0.9047619047619048,0.0476190476190476,0,0,0,0,1,0,0,0,0,1,0,0,0,0,0,0,0,0,0,0
370,265,0.8571428571428571,0.0952380952380952,0,0,0,0,0,0,0,0,0,0,0,0,0,0,0,1,0,0,1,0
371,7445,0.4761904761904761,0.4761904761904761,1,0,0,1,1,0,0,1,1,1,1,1,1,1,1,1,1,0,1,1
372,763,0.9047619047619048,0.0476190476190476,0,1,0,0,1,0,0,0,0,0,0,0,0,0,0,0,0,0,0,0
373,6658,0.0,0.9523809523809524,1,1,1,1,1,1,1,1,1,1,1,1,1,1,1,1,1,1,1,1
374,9832,0.5238095238095238,0.4285714285714285,1,0,0,0,1,0,1,1,1,0,0,1,1,0,0,0,0,1,1,1
375,7257,0.3809523809523809,0.5714285714285714,1,1,0,1,1,1,0,1,0,0,1,0,0,0,1,1,1,1,0,1
376,9031,0.9523809523809524,0.0,0,0,1,0,0,0,0,0,0,0,0,0,0,0,0,0,0,0,0,0
377,956,0.9047619047619048,0.0476190476190476,0,0,0,0,0,0,0,0,0,0,0,0,0,0,0,0,0,0,0,0
378,4076,0.0476190476190476,0.9047619047619048,1,1,1,1,1,1,1,1,1,1,1,1,1,1,1,1,1,1,1,1
379,8278,0.6190476190476191,0.3333333333333333,1,0,1,1,0,0,0,1,0,0,1,0,0,0,0,0,1,1,1,0
380,7754,0.6190476190476191,0.3333333333333333,0,0,0,1,0,0,0,1,1,1,0,1,0,1,0,1,0,0,0,0
381,7340,0.1428571428571428,0.8095238095238095,1,1,1,1,1,1,1,1,1,1,1,1,1,1,0,1,1,1,1,1
382,5224,0.3333333333333333,0.6190476190476191,0,0,1,0,0,1,0,1,1,1,1,1,0,0,0,1,1,0,1,0
383,1834,0.4285714285714285,0.5238095238095238,0,0,0,0,1,1,1,0,0,0,0,1,1,1,1,0,1,0,0,1
384,829,0.9047619047619048,0.0476190476190476,0,0,0,0,0,0,0,0,0,0,0,1,0,0,0,0,0,0,0,0
385,9488,0.0952380952380952,0.8571428571428571,1,1,1,1,1,1,1,1,1,1,1,1,1,1,1,1,1,0,1,0
386,9747,0.9047619047619048,0.0476190476190476,1,0,0,0,0,0,0,0,0,0,0,0,0,0,0,0,0,0,0,0
387,5354,0.2857142857142857,0.6666666666666666,1,0,1,1,0,1,0,1,1,1,1,0,1,1,1,1,0,1,1,0
388,122,0.8095238095238095,0.1428571428571428,0,0,0,0,0,0,1,0,0,0,0,0,1,0,1,0,0,0,0,0
389,7723,0.7142857142857143,0.238095238095238,1,0,0,0,1,0,1,0,0,0,0,1,0,0,0,1,1,1,0,0
390,363,0.9047619047619048,0.0476190476190476,0,0,0,0,0,0,0,1,0,0,0,1,0,0,0,0,0,0,0,0
391,4730,0.6190476190476191,0.3333333333333333,0,1,0,0,0,0,1,1,0,1,1,1,1,0,0,1,1,1,1,1
392,3056,0.7619047619047619,0.1904761904761904,1,1,0,1,0,1,1,1,1,0,0,0,1,0,0,0,1,0,1,0
393,3146,0.1904761904761904,0.7619047619047619,1,1,1,0,0,0,1,1,0,1,0,0,1,1,1,1,1,1,1,1
394,8835,0.1428571428571428,0.8095238095238095,1,1,1,1,1,1,0,1,1,1,1,1,1,1,1,1,1,1,1,1
395,3761,0.9523809523809524,0.0,0,0,0,0,0,0,0,0,0,1,0,0,0,0,0,0,0,0,0,0
396,8036,0.6666666666666666,0.2857142857142857,0,0,0,0,0,0,1,0,0,1,0,0,0,0,1,0,1,1,0,0
397,10979,0.9047619047619048,0.0476190476190476,0,1,0,0,0,0,0,0,1,0,0,0,0,0,0,0,0,0,0,0
398,5553,0.7619047619047619,0.1904761904761904,0,0,1,0,0,0,1,0,0,1,1,0,0,0,1,0,0,0,1,0
399,3585,0.1428571428571428,0.8095238095238095,1,1,1,1,1,1,1,1,1,1,1,1,1,1,0,1,1,0,1,1
400,8306,0.9047619047619048,0.0476190476190476,1,0,0,0,0,0,0,0,0,0,0,0,0,0,0,0,0,0,0,1
401,5074,0.1904761904761904,0.7619047619047619,0,1,1,0,1,1,1,0,1,1,1,1,1,1,1,1,1,1,1,0
402,8791,0.9523809523809524,0.0,0,0,0,0,0,0,0,0,0,0,0,0,0,1,0,0,0,0,0,0
403,2567,0.9523809523809524,0.0,0,0,0,0,0,0,0,0,0,0,0,0,0,0,0,0,0,0,0,0
404,10369,0.7142857142857143,0.238095238095238,0,0,0,1,0,1,1,0,0,0,0,0,0,1,0,0,0,0,0,0
405,5342,0.5238095238095238,0.4285714285714285,0,1,0,1,1,0,0,0,0,1,1,0,0,1,1,1,1,1,1,0
406,5600,0.0952380952380952,0.8571428571428571,1,0,1,1,1,1,1,1,1,1,1,0,1,1,1,1,1,1,1,1
407,6916,0.3333333333333333,0.6190476190476191,1,1,1,1,1,1,1,1,0,0,0,1,1,0,0,0,1,0,0,0
408,5420,0.7619047619047619,0.1904761904761904,0,0,0,0,0,1,0,1,1,0,1,0,0,1,0,1,0,0,1,0
409,8292,0.9047619047619048,0.0476190476190476,0,0,0,0,0,0,0,0,0,1,0,0,0,0,0,0,0,0,1,0
410,1689,0.3809523809523809,0.5714285714285714,0,1,1,1,1,1,1,0,1,1,1,1,0,1,0,1,0,0,1,1
411,8118,0.1904761904761904,0.7619047619047619,0,0,0,1,1,0,0,1,1,1,0,0,1,1,1,1,1,1,1,1
412,7323,0.9047619047619048,0.0476190476190476,0,0,0,0,0,1,0,0,0,0,0,0,0,1,0,0,0,0,0,0
413,10652,0.4761904761904761,0.4761904761904761,0,0,1,1,1,0,0,1,0,1,1,1,1,0,0,0,1,1,0,1
414,10925,0.3809523809523809,0.5714285714285714,1,0,1,1,1,0,0,0,1,0,1,0,1,0,0,0,0,0,0,1
415,8259,0.9523809523809524,0.0,0,0,0,0,0,0,0,1,1,0,0,0,0,0,0,0,0,0,0,0
416,1212,0.238095238095238,0.7142857142857143,1,1,0,1,0,1,0,1,1,1,1,0,1,1,1,1,1,1,1,1
417,5670,0.9523809523809524,0.0,0,0,0,0,0,0,0,0,0,0,0,1,0,0,0,0,0,0,0,0
418,8705,0.9523809523809524,0.0,0,0,0,0,0,0,0,0,0,0,0,0,0,0,0,0,0,0,0,0
419,9367,0.9523809523809524,0.0,0,0,0,0,0,0,0,0,0,0,0,0,0,0,1,0,0,0,1,0
420,8847,0.5238095238095238,0.4285714285714285,1,1,1,1,0,1,0,1,1,0,0,0,0,1,0,0,1,0,0,0
421,10985,0.9523809523809524,0.0,0,0,1,0,0,0,0,0,0,0,0,0,0,0,0,0,0,0,0,0
422,1559,0.0476190476190476,0.9047619047619048,0,1,1,1,1,1,1,1,1,1,1,1,1,1,1,1,1,1,1,1
423,9055,0.0952380952380952,0.8571428571428571,1,1,1,1,1,1,1,1,1,1,0,0,1,1,1,1,1,1,1,1
424,7178,0.7142857142857143,0.238095238095238,1,0,0,0,1,1,1,0,1,0,1,0,0,0,0,0,0,0,0,1
425,8891,0.8571428571428571,0.0952380952380952,0,0,0,0,1,1,0,0,0,0,0,0,0,0,0,0,0,0,0,0
426,5821,0.3333333333333333,0.6190476190476191,0,0,1,0,1,1,0,1,0,1,1,0,0,1,1,0,1,0,0,1
427,3298,0.0952380952380952,0.8571428571428571,1,1,1,1,1,0,0,1,1,1,1,1,1,1,1,1,1,1,1,1
428,5745,0.1428571428571428,0.8095238095238095,1,1,1,1,1,1,1,1,0,1,0,1,1,1,1,1,1,1,0,1
429,9811,0.9523809523809524,0.0,0,0,0,0,1,0,0,0,0,0,0,0,0,0,0,0,0,0,0,0
430,5370,0.5238095238095238,0.4285714285714285,0,0,0,0,0,1,1,0,0,1,1,0,1,0,1,0,1,0,0,0
431,10167,0.6190476190476191,0.3333333333333333,0,1,0,1,1,0,0,0,0,0,1,0,0,1,1,0,0,1,0,0
432,919,0.1428571428571428,0.8095238095238095,0,1,1,0,1,1,1,1,1,1,0,1,1,1,1,1,1,1,1,1
433,9534,0.9523809523809524,0.0,0,0,0,0,0,1,0,1,0,0,0,0,0,0,0,0,0,0,0,0
434,9746,0.6190476190476191,0.3333333333333333,0,1,1,0,0,1,0,0,0,1,1,0,0,1,0,0,1,0,0,0
435,6595,0.8571428571428571,0.0952380952380952,1,0,0,0,0,1,0,0,0,0,1,0,0,0,0,0,0,0,0,1
436,6862,0.2857142857142857,0.6666666666666666,1,1,1,0,1,1,1,1,0,1,1,0,0,1,0,0,1,0,1,0
437,807,0.8571428571428571,0.0952380952380952,0,0,0,0,1,0,0,0,0,1,0,0,0,0,1,0,0,0,0,0
438,4441,0.8571428571428571,0.0952380952380952,0,0,0,0,1,0,0,0,0,0,1,0,0,0,0,0,0,0,0,0
439,9040,0.1428571428571428,0.8095238095238095,1,1,1,1,1,1,1,1,1,1,1,0,1,1,1,0,1,1,1,1
440,5096,0.8571428571428571,0.0952380952380952,0,0,0,0,0,0,0,0,0,0,0,0,1,0,0,0,0,0,0,0
441,730,0.8095238095238095,0.1428571428571428,0,1,0,0,0,0,0,0,0,0,0,0,0,0,0,0,0,0,0,1
442,9852,0.6666666666666666,0.2857142857142857,1,0,0,0,0,0,0,0,1,1,0,0,0,0,0,0,0,0,0,0
443,8253,0.9523809523809524,0.0,0,0,0,0,0,0,0,0,0,0,0,0,0,0,0,0,0,0,0,0
444,9163,0.9523809523809524,0.0,0,1,0,0,0,0,0,0,0,0,0,0,1,0,0,0,0,0,1,0
445,2780,0.9523809523809524,0.0,0,0,0,0,0,0,1,0,0,0,0,0,0,0,0,0,0,0,0,0
446,4510,0.7142857142857143,0.238095238095238,1,1,1,0,0,0,0,1,0,0,0,0,0,0,0,0,1,0,1,1
447,2405,0.8095238095238095,0.1428571428571428,0,1,0,1,0,0,0,0,0,0,1,0,1,1,0,0,0,0,0,1
448,1446,0.6190476190476191,0.3333333333333333,1,0,1,1,0,1,0,0,1,0,1,0,0,0,0,1,1,0,0,0
449,1314,0.9047619047619048,0.0476190476190476,0,0,0,0,0,0,0,0,0,0,0,0,1,0,0,0,0,0,0,0
450,6360,0.6666666666666666,0.2857142857142857,0,0,0,1,1,0,0,0,0,0,0,0,0,1,0,0,0,0,1,0
451,1841,0.7142857142857143,0.238095238095238,1,0,0,0,1,0,0,0,1,1,0,1,0,0,0,0,1,0,0,0
452,657,0.8571428571428571,0.0952380952380952,0,0,0,0,0,0,0,0,0,0,0,0,0,0,0,0,0,0,0,0
453,6449,0.8571428571428571,0.0952380952380952,0,0,1,0,0,0,0,0,0,0,0,1,0,0,0,1,0,0,0,0
454,3055,0.2857142857142857,0.6666666666666666,1,1,1,1,0,1,0,1,1,1,0,0,1,1,1,1,0,1,1,1
455,9831,0.0952380952380952,0.8571428571428571,1,1,1,1,1,1,0,1,1,1,1,1,1,1,1,1,0,1,1,0
456,5372,0.6666666666666666,0.2857142857142857,0,0,0,1,0,0,1,0,1,0,1,1,0,0,1,1,1,0,0,1
457,8863,0.8571428571428571,0.0952380952380952,0,0,1,0,0,1,0,0,0,0,0,1,0,0,0,0,0,0,0,0
458,2687,0.9047619047619048,0.0476190476190476,0,0,0,0,0,0,0,0,1,0,0,0,0,0,0,0,0,0,0,1
459,8563,0.7142857142857143,0.238095238095238,1,0,0,0,0,0,0,0,1,0,0,0,1,0,0,1,0,1,0,1
460,4748,0.9523809523809524,0.0,0,1,0,0,0,0,0,0,0,1,0,0,0,0,0,0,0,0,0,0
461,4524,0.6190476190476191,0.3333333333333333,0,1,1,0,0,1,1,0,0,1,0,0,1,0,0,0,0,1,0,1
462,5968,0.9047619047619048,0.0476190476190476,0,0,0,0,0,0,0,0,1,0,0,0,1,0,0,0,0,0,0,0
463,4520,0.7142857142857143,0.238095238095238,1,0,1,0,0,0,0,0,0,0,0,1,1,1,0,0,1,0,0,0
464,5673,0.8095238095238095,0.1428571428571428,1,0,0,0,0,0,0,0,0,0,0,0,0,0,0,0,0,0,0,1
465,3084,0.1428571428571428,0.8095238095238095,1,1,1,1,1,1,1,1,1,1,1,0,0,1,1,1,1,1,1,1
466,1522,0.1428571428571428,0.8095238095238095,1,1,1,1,1,1,1,1,0,1,1,1,1,1,1,0,0,1,1,1
467,9495,0.8095238095238095,0.1428571428571428,0,0,0,0,0,0,1,0,0,0,0,0,1,0,0,0,0,0,1,1
468,5249,0.8571428571428571,0.0952380952380952,0,0,0,0,0,0,0,0,0,0,0,0,1,0,0,0,1,0,0,0
469,2400,0.0,0.9523809523809524,1,1,1,1,1,1,1,1,1,1,1,1,1,1,1,1,1,1,1,1
470,5369,0.9523809523809524,0.0,0,0,0,0,0,0,1,0,0,0,0,0,0,0,0,0,0,0,0,0
471,10807,0.7619047619047619,0.1904761904761904,0,0,0,0,0,0,0,0,0,0,0,0,0,0,0,1,0,0,1,0
472,4870,0.6666666666666666,0.2857142857142857,1,0,0,1,0,0,1,0,0,0,1,1,1,0,1,0,0,0,0,1
473,2165,0.0,0.9523809523809524,1,1,1,1,1,1,1,1,1,1,1,1,1,1,1,1,1,1,1,1
474,3641,0.7619047619047619,0.1904761904761904,1,0,0,0,0,1,0,0,0,1,0,1,0,0,0,0,0,1,0,0
475,8471,0.9047619047619048,0.0476190476190476,0,0,0,0,0,0,0,0,0,0,0,0,0,0,0,0,0,0,0,0
476,4182,0.3333333333333333,0.6190476190476191,1,1,1,1,1,1,1,0,0,1,0,0,1,1,1,1,0,1,1,1
477,5623,0.0476190476190476,0.9047619047619048,1,1,1,1,0,1,1,1,1,1,1,1,1,1,1,1,1,1,1,1
478,7148,0.0476190476190476,0.9047619047619048,1,1,1,1,0,1,1,1,1,1,1,1,1,1,1,0,1,1,1,1
479,4754,0.6666666666666666,0.2857142857142857,0,0,0,0,0,0,1,1,0,1,0,0,0,0,1,0,0,0,0,0
480,6690,0.9523809523809524,0.0,0,0,0,0,0,0,0,1,1,0,0,0,0,0,0,0,0,0,0,0
481,5069,0.8095238095238095,0.1428571428571428,0,1,0,0,0,0,0,1,0,1,0,0,1,0,0,0,0,1,0,0
482,22,0.0952380952380952,0.8571428571428571,0,1,1,1,1,1,1,1,1,1,1,1,1,1,1,1,0,1,1,0
483,5563,0.3333333333333333,0.6190476190476191,1,1,1,1,0,0,1,1,1,0,0,1,0,0,1,0,0,1,1,1
484,10949,0.8095238095238095,0.1428571428571428,1,0,0,0,0,0,0,0,1,0,0,0,0,1,0,0,0,0,0,0
485,208,0.4761904761904761,0.4761904761904761,1,1,1,0,0,0,0,1,0,0,1,0,0,0,1,1,0,0,0,0
486,1300,0.7619047619047619,0.1904761904761904,0,1,1,0,1,0,0,1,0,1,0,0,0,0,1,0,0,0,0,1
487,7847,0.9047619047619048,0.0476190476190476,0,0,0,0,0,0,0,0,0,0,0,0,0,0,0,0,0,0,0,0
488,4593,0.9047619047619048,0.0476190476190476,0,0,0,0,0,0,0,0,0,0,0,0,0,0,0,0,0,0,0,0
489,2841,0.1904761904761904,0.7619047619047619,1,1,1,1,0,1,1,0,1,1,1,1,1,1,1,0,1,1,1,1
490,7099,0.4761904761904761,0.4761904761904761,1,1,1,1,0,1,0,1,1,0,1,0,1,1,0,1,1,1,1,1
491,3110,0.1428571428571428,0.8095238095238095,1,1,1,0,1,1,1,1,1,1,1,1,1,1,1,1,1,1,1,1
492,3952,0.8571428571428571,0.0952380952380952,1,0,0,0,0,0,0,0,0,0,0,1,0,0,0,0,0,0,0,0
493,9229,0.6666666666666666,0.2857142857142857,0,0,1,1,0,1,1,0,0,0,0,1,1,0,0,0,0,0,1,0
494,3255,0.3333333333333333,0.6190476190476191,1,1,1,0,1,1,1,0,1,1,1,1,0,1,1,1,1,0,1,0
495,1718,0.9523809523809524,0.0,0,0,0,1,0,0,0,0,0,0,0,0,0,0,0,0,0,0,0,0
496,480,0.2857142857142857,0.6666666666666666,1,1,0,1,1,1,1,1,1,1,0,1,0,1,0,1,1,1,1,1
497,8438,0.8095238095238095,0.1428571428571428,0,0,0,0,1,0,0,0,0,0,0,0,0,0,0,0,0,0,0,0
498,10136,0.6666666666666666,0.2857142857142857,0,0,0,1,1,0,0,0,0,0,0,1,1,1,1,0,0,0,0,1
499,5387,0.0952380952380952,0.8571428571428571,1,1,1,1,0,1,0,1,1,1,1,1,0,1,1,1,1,1,1,1
500,8534,0.8571428571428571,0.0952380952380952,0,0,0,0,0,0,0,1,0,0,0,1,0,0,0,0,0,0,0,0
501,8403,0.3333333333333333,0.6190476190476191,1,0,1,1,1,1,0,1,1,1,0,1,0,1,0,0,1,0,0,1
502,6668,0.0952380952380952,0.8571428571428571,1,1,0,1,1,1,1,1,1,1,1,1,1,1,1,1,1,1,1,1
503,9172,0.6190476190476191,0.3333333333333333,0,0,0,0,0,0,0,0,0,0,0,0,0,0,0,1,1,1,1,0
504,3950,0.6190476190476191,0.3333333333333333,1,0,1,1,1,0,0,0,0,0,0,0,0,1,1,0,0,0,0,0
505,1191,0.3333333333333333,0.6190476190476191,0,0,1,1,1,1,0,1,1,0,1,1,1,1,1,1,0,1,1,1
506,8939,0.7142857142857143,0.238095238095238,0,1,0,0,1,0,1,0,0,0,0,1,0,0,0,1,0,1,1,0
507,2907,0.5714285714285714,0.3809523809523809,0,0,1,1,0,0,1,0,1,1,0,0,1,1,0,1,1,0,0,0
508,2152,0.2857142857142857,0.6666666666666666,1,1,1,0,1,0,0,1,1,1,1,0,1,1,1,0,1,1,1,0
509,266,0.5714285714285714,0.3809523809523809,1,1,1,1,0,1,1,1,1,1,0,1,0,0,0,0,0,0,0,1
510,7508,0.7619047619047619,0.1904761904761904,0,0,1,0,1,0,0,0,0,0,0,0,0,0,0,0,0,1,0,0
511,5506,0.5714285714285714,0.3809523809523809,1,1,1,0,0,1,0,1,1,0,0,0,1,1,1,0,0,0,1,0
512,2638,0.6666666666666666,0.2857142857142857,0,0,1,1,1,0,0,0,1,1,0,0,0,0,0,0,0,1,0,1
513,3412,0.8095238095238095,0.1428571428571428,0,0,0,0,0,0,1,0,0,0,0,0,0,0,1,0,1,0,0,1
514,5689,0.4761904761904761,0.4761904761904761,1,1,0,0,1,1,0,1,1,1,0,0,1,1,1,0,1,0,0,1
515,8565,0.8095238095238095,0.1428571428571428,0,0,0,0,0,0,0,0,0,1,0,0,0,0,0,1,1,0,0,0
516,10703,0.0476190476190476,0.9047619047619048,1,0,1,1,1,1,1,1,1,1,1,1,1,1,1,1,1,1,0,1
517,7247,0.5714285714285714,0.3809523809523809,1,1,1,0,0,0,1,0,0,1,1,0,0,0,0,0,0,0,0,1
518,6339,0.8571428571428571,0.0952380952380952,0,0,0,0,0,0,0,0,0,0,1,1,1,0,0,1,0,0,0,0
519,469,0.4285714285714285,0.5238095238095238,1,1,1,1,1,0,1,1,0,1,1,1,1,0,1,0,0,1,1,0
520,8258,0.6666666666666666,0.2857142857142857,0,0,0,0,1,0,0,1,0,1,1,0,1,0,0,0,0,0,0,0
521,10169,0.0476190476190476,0.9047619047619048,1,0,1,1,1,1,1,1,1,1,1,1,1,1,1,1,1,1,1,1
522,2898,0.7142857142857143,0.238095238095238,0,0,0,0,1,0,0,0,0,1,0,0,0,1,0,0,1,0,1,1
523,8777,0.5714285714285714,0.3809523809523809,0,0,1,0,0,0,1,0,0,1,0,1,0,0,1,1,1,0,0,0
524,9484,0.9047619047619048,0.0476190476190476,0,0,0,0,0,0,0,0,0,0,0,0,0,0,0,0,0,0,0,0
525,648,0.0476190476190476,0.9047619047619048,1,1,1,1,1,1,1,1,1,1,1,1,1,1,1,1,1,1,1,1
526,1611,0.3333333333333333,0.6190476190476191,0,1,1,0,0,1,0,1,1,0,1,1,0,0,0,1,1,1,0,1
527,4835,0.7142857142857143,0.238095238095238,0,0,1,0,1,1,0,0,0,1,1,1,1,0,1,0,1,0,0,0
528,3293,0.8571428571428571,0.0952380952380952,0,0,0,0,0,0,0,0,0,0,0,0,0,0,0,0,1,0,1,1
529,10317,0.7619047619047619,0.1904761904761904,1,0,0,0,0,0,0,1,0,0,1,0,1,0,0,0,0,1,0,0
530,1157,0.1904761904761904,0.7619047619047619,1,1,1,1,1,1,1,1,0,1,1,1,1,0,1,1,1,1,1,1
531,4165,0.6666666666666666,0.2857142857142857,1,0,0,1,0,1,0,0,0,0,0,0,1,0,0,0,0,0,0,0
532,279,0.7142857142857143,0.238095238095238,0,1,0,0,0,0,0,0,1,0,0,0,0,1,0,1,1,0,0,1
533,9971,0.9047619047619048,0.0476190476190476,0,0,0,0,0,0,0,0,0,0,0,0,0,0,0,0,0,0,0,0
534,9380,0.1904761904761904,0.7619047619047619,1,1,1,1,0,1,1,1,0,1,1,0,1,0,1,0,1,1,1,1
535,10931,0.5238095238095238,0.4285714285714285,1,0,0,1,1,1,0,1,0,1,1,1,1,1,0,1,1,0,0,0
536,4694,0.4761904761904761,0.4761904761904761,0,0,1,0,0,1,0,1,0,0,0,1,1,1,1,1,1,0,0,0
537,10492,0.1428571428571428,0.8095238095238095,1,1,1,1,1,1,1,1,1,1,1,1,1,1,1,1,0,1,1,0
538,6687,0.6666666666666666,0.2857142857142857,1,0,0,0,0,0,1,1,0,0,0,0,1,0,0,0,0,1,0,0
539,10267,0.1904761904761904,0.7619047619047619,1,1,1,1,1,1,1,1,1,0,0,0,1,1,0,1,1,1,1,0
540,8642,0.6190476190476191,0.3333333333333333,1,0,1,0,0,0,0,1,0,1,0,0,0,0,0,1,1,0,1,1
541,3347,0.6190476190476191,0.3333333333333333,0,1,0,1,0,1,0,1,1,1,1,1,1,0,0,0,0,0,0,1
542,4139,0.9047619047619048,0.0476190476190476,0,0,0,0,0,0,0,0,0,0,0,0,0,1,0,0,1,0,0,0
543,3562,0.6190476190476191,0.3333333333333333,0,0,0,1,1,0,0,0,0,1,0,1,1,0,0,0,0,0,0,1
544,10560,0.3809523809523809,0.5714285714285714,1,1,0,0,1,1,0,0,1,0,1,0,0,1,0,1,0,1,0,0
545,9685,0.1904761904761904,0.7619047619047619,1,1,1,1,1,1,1,1,1,1,1,0,1,1,1,0,1,1,1,0
546,8014,0.5714285714285714,0.3809523809523809,0,0,0,1,1,0,1,1,0,0,1,1,1,1,0,0,1,0,0,1
547,6164,0.7142857142857143,0.238095238095238,0,0,0,0,1,0,0,0,0,0,1,0,0,0,0,0,1,1,1,0
548,10580,0.7619047619047619,0.1904761904761904,0,0,0,1,0,0,1,0,0,0,0,0,0,0,0,0,0,0,0,0
549,5939,0.5714285714285714,0.3809523809523809,1,0,1,0,1,1,1,0,1,1,1,1,0,0,1,0,0,0,0,0
550,9563,0.5714285714285714,0.3809523809523809,0,1,0,1,1,1,0,0,0,0,1,0,0,0,0,0,0,0,0,0
551,603,0.3333333333333333,0.6190476190476191,1,1,1,1,0,0,0,0,0,1,1,1,1,1,1,1,1,1,1,0
552,1467,0.8095238095238095,0.1428571428571428,0,1,0,0,0,0,0,1,0,0,0,0,0,0,0,1,1,0,0,1
553,2959,0.4285714285714285,0.5238095238095238,0,1,0,1,1,0,0,1,1,0,0,0,1,1,1,1,1,1,1,1
554,2543,0.0,0.9523809523809524,1,1,1,1,1,1,1,1,1,1,1,1,1,1,1,1,1,1,1,1
555,9303,0.7619047619047619,0.1904761904761904,1,1,1,0,0,0,0,0,0,0,0,0,0,0,0,0,0,1,0,1
556,8107,0.8571428571428571,0.0952380952380952,0,0,0,0,0,0,0,0,0,0,0,0,1,1,0,0,1,1,0,0
557,2917,0.5238095238095238,0.4285714285714285,1,0,0,1,1,0,0,0,0,0,0,1,1,0,0,1,0,1,0,0
558,4940,0.7142857142857143,0.238095238095238,0,0,1,0,0,0,1,0,1,0,0,0,0,0,0,0,1,1,0,0
559,2140,0.8571428571428571,0.0952380952380952,0,0,0,0,0,0,0,0,0,0,0,1,0,0,0,1,0,1,0,0
560,1615,0.8095238095238095,0.1428571428571428,0,0,0,0,0,0,0,0,0,1,1,0,0,0,0,0,0,1,0,0
561,8308,0.8095238095238095,0.1428571428571428,0,0,0,0,1,1,0,0,1,1,0,0,0,0,1,1,0,0,0,0
562,9953,0.4761904761904761,0.4761904761904761,1,0,1,0,0,1,0,0,1,1,0,1,1,1,1,0,1,0,1,1
563,6769,0.5714285714285714,0.3809523809523809,1,0,1,1,1,0,1,0,0,1,0,1,0,0,0,1,1,1,1,1
564,5635,0.7142857142857143,0.238095238095238,0,0,0,0,0,0,1,1,0,0,0,0,0,0,0,1,0,0,1,0
565,7427,0.2857142857142857,0.6666666666666666,1,1,0,1,1,0,1,1,1,1,0,0,1,0,0,1,1,1,1,1
566,887,0.6666666666666666,0.2857142857142857,0,1,0,0,0,1,1,0,0,0,0,1,1,0,1,0,0,0,0,0
567,7987,0.8095238095238095,0.1428571428571428,0,1,0,1,0,0,0,0,1,0,0,1,0,0,0,1,0,0,0,0
568,3182,0.238095238095238,0.7142857142857143,1,1,1,1,0,1,1,1,1,1,0,0,0,1,1,0,1,1,1,1
569,163,0.7142857142857143,0.238095238095238,0,0,0,0,0,0,0,1,1,1,0,1,0,0,0,0,0,0,0,0
570,3022,0.3809523809523809,0.5714285714285714,1,1,1,1,0,1,0,1,0,1,0,0,0,1,0,1,1,1,1,1
571,8885,0.4761904761904761,0.4761904761904761,1,0,1,1,1,0,0,1,0,0,1,1,1,1,1,0,0,1,0,0
572,2456,0.238095238095238,0.7142857142857143,1,1,0,1,1,1,1,1,1,0,1,0,1,1,0,1,1,1,1,1
573,4371,0.7619047619047619,0.1904761904761904,0,0,1,0,0,0,1,0,1,1,0,0,0,0,0,0,1,0,0,0
574,8929,0.238095238095238,0.7142857142857143,1,1,1,0,1,1,1,0,0,1,1,1,1,1,0,1,1,1,1,0
575,4701,0.0952380952380952,0.8571428571428571,1,0,1,1,1,0,1,1,1,1,1,1,1,1,1,1,1,1,1,1
576,3508,0.6190476190476191,0.3333333333333333,1,0,0,1,1,0,0,1,1,0,0,1,1,0,1,0,1,0,0,0
577,4643,0.6190476190476191,0.3333333333333333,0,0,0,0,0,0,0,0,1,0,0,1,0,1,0,1,0,0,1,0
578,1943,0.1904761904761904,0.7619047619047619,1,1,1,0,1,1,1,1,1,1,1,1,1,1,1,1,1,0,1,1
579,5454,0.1904761904761904,0.7619047619047619,0,1,1,0,1,1,0,1,1,1,1,1,0,1,1,0,1,1,1,1
580,1629,0.4285714285714285,0.5238095238095238,1,0,1,0,1,1,1,1,1,0,1,1,1,0,0,1,1,1,0,1
581,9785,0.7619047619047619,0.1904761904761904,0,0,0,0,0,0,1,0,0,0,0,0,0,1,0,0,0,1,1,0
582,215,0.5238095238095238,0.4285714285714285,1,1,1,1,0,0,1,0,0,0,1,1,0,1,1,0,1,0,1,0
583,7640,0.2857142857142857,0.6666666666666666,1,0,1,0,0,1,0,1,0,1,1,1,1,1,1,0,1,0,1,1
584,4186,0.8095238095238095,0.1428571428571428,0,0,1,0,0,0,0,0,1,0,1,0,0,0,1,0,1,0,0,0
585,9597,0.8571428571428571,0.0952380952380952,0,0,0,0,0,0,0,1,1,0,0,0,0,0,0,0,1,0,0,0
586,9523,0.4761904761904761,0.4761904761904761,0,0,0,1,1,1,1,0,1,1,1,1,1,0,0,0,0,1,0,1
587,4881,0.5714285714285714,0.3809523809523809,0,0,1,1,0,0,0,1,0,0,0,0,0,0,1,1,1,1,0,1
588,6000,0.0476190476190476,0.9047619047619048,1,1,1,1,1,1,1,1,1,1,1,1,1,1,1,1,1,1,1,1
589,7234,0.4761904761904761,0.4761904761904761,0,1,0,1,1,0,0,1,1,1,1,0,0,0,0,1,0,1,1,0
590,7675,0.0476190476190476,0.9047619047619048,1,1,1,1,1,1,1,1,1,1,1,1,1,1,1,1,1,1,1,0
591,9246,0.9047619047619048,0.0476190476190476,0,0,0,0,0,0,0,0,0,0,0,0,0,0,1,0,1,0,0,0
592,6574,0.5238095238095238,0.4285714285714285,1,1,1,0,0,1,0,1,0,1,0,0,0,0,0,1,0,1,0,0
593,10656,0.6190476190476191,0.3333333333333333,0,1,1,0,0,1,0,0,0,0,1,0,0,0,0,1,0,1,0,1
594,10935,0.7619047619047619,0.1904761904761904,0,0,1,1,0,0,0,0,1,1,0,1,1,1,0,0,0,0,0,0
595,2765,0.8571428571428571,0.0952380952380952,0,1,0,0,0,0,1,0,0,0,0,0,0,1,0,0,1,0,0,0
596,5678,0.8571428571428571,0.0952380952380952,0,0,0,1,0,0,1,1,1,0,0,0,1,0,0,1,0,0,0,1
597,7112,0.6666666666666666,0.2857142857142857,0,1,0,0,0,0,1,0,1,0,0,1,1,0,0,1,0,0,0,1
598,1578,0.7142857142857143,0.238095238095238,0,0,0,1,0,1,0,0,0,1,0,0,0,0,0,0,0,0,0,0
599,510,0.8571428571428571,0.0952380952380952,0,0,0,0,0,0,0,0,0,0,0,0,0,0,0,0,0,1,0,0
600,8285,0.8095238095238095,0.1428571428571428,0,0,0,0,0,1,1,0,0,0,0,1,0,1,0,1,0,0,0,0
601,5535,0.6666666666666666,0.2857142857142857,0,0,0,0,0,0,0,1,0,0,0,1,0,0,1,0,0,1,0,0
602,210,0.7619047619047619,0.1904761904761904,0,1,0,0,1,0,0,1,0,0,0,1,0,0,1,0,0,0,1,0
603,10243,0.9047619047619048,0.0476190476190476,0,0,0,0,0,0,0,0,0,0,0,0,0,0,0,1,0,0,0,0
604,5128,0.7619047619047619,0.1904761904761904,0,1,0,1,0,0,0,0,1,0,1,1,0,1,0,1,1,1,0,0
605,1244,0.3809523809523809,0.5714285714285714,1,1,1,0,1,1,1,0,1,0,0,0,1,0,1,1,0,0,1,0
606,7962,0.9047619047619048,0.0476190476190476,0,0,0,0,0,0,0,0,0,0,0,0,0,0,0,0,0,0,0,0
607,5921,0.7142857142857143,0.238095238095238,0,0,0,0,0,1,0,0,0,0,0,0,0,0,1,0,0,1,1,0
608,2484,0.7142857142857143,0.238095238095238,0,0,0,0,0,1,1,0,0,0,0,0,1,1,1,1,1,0,0,0
609,7488,0.3333333333333333,0.6190476190476191,1,1,1,0,0,1,0,0,1,0,1,1,1,1,1,1,1,1,0,1
610,2446,0.2857142857142857,0.6666666666666666,1,1,1,0,1,1,0,1,1,1,1,1,1,1,1,0,0,1,0,1
611,6661,0.7142857142857143,0.238095238095238,0,1,1,0,0,0,1,1,0,0,0,1,0,0,0,0,0,0,1,0
612,8000,0.3333333333333333,0.6190476190476191,1,1,0,0,0,0,1,1,1,1,1,0,1,0,1,1,1,1,1,1
613,6570,0.2857142857142857,0.6666666666666666,1,1,1,0,1,1,1,1,0,1,1,0,1,0,0,1,1,1,1,1
614,7581,0.2857142857142857,0.6666666666666666,0,1,1,0,0,1,1,0,1,1,1,0,1,1,1,1,1,1,0,1
615,10449,0.6190476190476191,0.3333333333333333,0,1,1,1,0,0,0,1,0,0,0,1,0,0,0,1,0,0,0,0
616,2654,0.2857142857142857,0.6666666666666666,0,1,0,1,1,1,1,1,1,1,1,1,1,1,1,1,1,0,0,1
617,9392,0.8095238095238095,0.1428571428571428,0,0,0,0,0,0,0,1,0,0,0,0,1,0,0,0,0,1,0,1
618,1874,0.9047619047619048,0.0476190476190476,0,0,0,0,0,0,0,0,0,0,0,0,0,0,0,1,0,0,0,0
619,4612,0.8571428571428571,0.0952380952380952,0,0,0,0,0,0,0,0,0,1,0,0,0,0,0,0,0,0,0,0
620,8761,0.8095238095238095,0.1428571428571428,0,0,0,0,1,0,0,0,0,0,0,0,0,0,0,1,0,0,1,0
621,2865,0.7619047619047619,0.1904761904761904,1,0,0,0,0,0,0,1,1,0,1,0,1,1,0,0,0,0,1,0
622,366,0.5238095238095238,0.4285714285714285,1,1,0,0,1,0,0,0,1,0,1,0,1,1,1,1,0,0,0,1
623,3113,0.5714285714285714,0.3809523809523809,0,0,0,0,0,0,0,0,0,1,1,0,1,0,0,0,0,0,0,1
624,7381,0.9047619047619048,0.0476190476190476,0,0,0,0,0,0,1,0,0,0,0,0,0,0,0,0,0,0,0,0
625,1144,0.0,0.9523809523809524,1,1,1,1,1,1,1,1,1,1,1,1,1,1,1,1,1,1,1,1
626,7821,0.5714285714285714,0.3809523809523809,0,0,0,0,0,0,1,1,0,0,0,1,1,0,0,1,0,0,1,1
627,4933,0.0476190476190476,0.9047619047619048,1,1,1,1,1,1,1,1,1,1,1,1,1,1,1,1,1,1,1,0
628,5727,0.0,0.9523809523809524,1,1,1,1,1,1,1,1,1,1,1,1,1,1,1,1,1,1,1,1
629,4476,0.8095238095238095,0.1428571428571428,0,0,0,0,0,0,0,0,0,0,0,0,1,0,1,0,0,0,0,0
630,10975,0.6666666666666666,0.2857142857142857,0,0,0,0,0,0,0,0,0,1,0,0,1,1,0,0,0,1,0,1
631,5138,0.1904761904761904,0.7619047619047619,1,1,0,1,1,1,1,1,0,1,1,1,0,1,0,1,1,1,1,1
632,9745,0.4761904761904761,0.4761904761904761,1,1,0,0,1,0,1,1,0,1,0,0,1,1,1,0,1,1,0,1
633,4834,0.238095238095238,0.7142857142857143,1,0,0,1,1,1,1,1,1,1,1,1,1,1,1,1,1,1,1,1
634,2681,0.7142857142857143,0.238095238095238,0,1,0,0,0,0,1,0,0,0,0,1,1,0,0,1,0,0,0,0
635,10686,0.8571428571428571,0.0952380952380952,0,0,0,0,0,0,0,0,0,0,0,0,0,0,1,0,0,0,0,0
636,6631,0.0476190476190476,0.9047619047619048,1,1,1,1,1,1,1,1,1,1,1,1,1,1,1,1,1,1,1,1
637,8794,0.8095238095238095,0.1428571428571428,0,0,1,0,0,1,0,0,0,0,0,0,0,0,0,0,1,0,0,1
638,8355,0.238095238095238,0.7142857142857143,1,1,1,1,0,1,1,1,1,1,1,1,1,1,1,1,1,1,1,1
639,3488,0.4761904761904761,0.4761904761904761,0,0,1,0,1,1,0,0,1,1,0,1,0,1,0,0,0,0,1,0
640,10643,0.7142857142857143,0.238095238095238,0,0,0,1,0,1,0,0,1,0,0,0,1,1,0,1,1,0,0,0
641,1682,0.5714285714285714,0.3809523809523809,1,0,1,1,1,1,0,0,0,1,0,0,0,0,0,0,0,0,0,0
642,1530,0.9047619047619048,0.0476190476190476,0,0,0,0,1,0,0,0,0,0,0,1,0,0,0,0,0,0,0,0
643,6022,0.6190476190476191,0.3333333333333333,0,0,0,1,1,0,0,1,1,1,1,1,0,0,0,1,0,1,0,0
644,3480,0.9047619047619048,0.0476190476190476,0,1,0,0,0,0,0,1,0,0,0,0,0,0,0,0,0,0,0,0
645,3636,0.1428571428571428,0.8095238095238095,1,1,1,0,1,1,1,1,1,1,1,1,1,1,1,0,0,1,1,1
646,8264,0.1428571428571428,0.8095238095238095,1,1,1,1,1,1,1,0,1,1,1,1,1,1,0,1,0,1,0,1
647,2519,0.9047619047619048,0.0476190476190476,1,0,0,0,0,0,0,0,0,0,0,0,0,0,0,0,0,0,0,0
648,9041,0.7142857142857143,0.238095238095238,1,0,1,1,1,0,0,0,1,0,0,0,1,0,0,0,0,0,0,0
649,9475,0.8095238095238095,0.1428571428571428,0,0,1,0,0,0,0,0,0,0,1,0,0,1,0,0,0,0,0,0
650,4335,0.7619047619047619,0.1904761904761904,1,0,0,0,1,0,0,0,1,0,0,1,0,0,1,0,0,0,1,0
651,3925,0.2857142857142857,0.6666666666666666,1,1,1,1,1,0,1,1,1,1,1,1,0,0,0,0,0,0,1,1
652,7607,0.3809523809523809,0.5714285714285714,1,0,0,1,0,1,0,0,1,1,0,1,1,0,0,1,1,0,1,1
653,2766,0.9523809523809524,0.0,0,0,0,1,0,0,0,0,0,0,0,0,0,0,0,0,0,0,0,0
654,8379,0.9523809523809524,0.0,0,0,0,0,0,0,0,0,0,0,0,0,0,0,0,0,0,0,0,0
655,2220,0.9047619047619048,0.0476190476190476,0,0,0,0,0,0,0,0,0,0,1,0,0,0,0,0,0,0,0,0
656,3337,0.9047619047619048,0.0476190476190476,1,0,0,0,0,0,0,0,0,1,0,0,0,0,0,0,0,0,0,0
657,7355,0.2857142857142857,0.6666666666666666,1,1,0,1,0,1,1,1,1,1,1,1,0,0,0,1,0,0,1,1
658,1250,0.9523809523809524,0.0,0,1,0,0,0,0,0,0,0,0,0,0,0,0,0,0,0,0,0,0
659,5634,0.9523809523809524,0.0,0,0,0,0,0,0,0,0,0,0,0,0,0,0,0,0,0,0,0,0
660,98,0.9047619047619048,0.0476190476190476,0,0,0,0,0,0,0,0,0,0,0,0,0,0,0,0,0,0,0,0
661,6320,0.9523809523809524,0.0,0,0,0,0,0,0,0,0,0,0,0,0,0,0,0,0,0,0,0,0
662,1604,0.8571428571428571,0.0952380952380952,0,1,0,0,0,0,0,0,0,0,0,1,0,0,0,1,1,0,0,0
663,8681,0.9047619047619048,0.0476190476190476,0,0,0,0,0,0,0,0,0,0,1,0,0,0,0,0,0,0,0,0
664,1325,0.7619047619047619,0.1904761904761904,1,0,0,0,0,1,0,0,0,0,1,0,0,0,0,0,0,0,0,0
665,8140,0.9523809523809524,0.0,0,0,1,0,0,0,0,0,0,0,0,0,0,0,0,0,0,0,0,0
666,2537,0.8571428571428571,0.0952380952380952,0,0,0,0,0,0,0,0,0,0,0,0,0,0,0,0,0,0,0,0
667,8239,0.0476190476190476,0.9047619047619048,0,1,1,1,1,1,1,1,1,1,1,1,1,1,1,1,1,0,0,1
668,3818,0.6666666666666666,0.2857142857142857,1,0,0,1,1,1,0,0,0,0,0,1,0,0,0,1,1,0,0,0
669,9129,0.238095238095238,0.7142857142857143,1,1,1,1,0,0,1,1,0,1,0,0,0,1,1,0,1,1,1,1
670,622,0.9047619047619048,0.0476190476190476,0,0,0,0,0,1,0,0,0,0,0,0,0,0,0,0,0,0,0,0
671,3387,0.1904761904761904,0.7619047619047619,1,1,1,1,1,1,1,1,1,1,1,0,0,1,1,1,1,1,0,1
672,4336,0.4761904761904761,0.4761904761904761,1,1,0,0,1,0,1,0,0,1,0,0,0,1,0,0,1,1,1,1
673,6525,0.3333333333333333,0.6190476190476191,0,0,1,1,0,1,1,1,1,1,1,1,0,0,0,1,1,0,1,0
674,10359,0.5238095238095238,0.4285714285714285,1,0,0,1,0,1,0,1,0,1,0,1,1,1,0,0,1,1,1,0
675,1128,0.8571428571428571,0.0952380952380952,0,0,0,0,0,0,0,0,0,0,1,0,0,0,0,0,0,0,0,1
676,1430,0.8571428571428571,0.0952380952380952,0,0,0,0,0,0,0,0,0,0,0,0,0,0,0,0,1,1,0,0
677,9894,0.9523809523809524,0.0,0,0,0,0,0,0,0,0,0,0,0,0,0,0,0,0,0,0,1,0
678,5432,0.9523809523809524,0.0,0,0,0,0,1,0,1,0,0,0,0,0,0,0,0,0,0,0,0,0
679,7526,0.0476190476190476,0.9047619047619048,1,1,1,0,1,1,1,1,1,1,1,1,1,1,1,1,1,1,1,1
680,6996,0.1428571428571428,0.8095238095238095,1,1,1,0,1,1,1,1,1,1,0,0,1,1,0,1,1,1,1,1
681,9867,0.0476190476190476,0.9047619047619048,1,1,1,1,1,1,1,1,1,1,1,1,1,1,1,1,1,1,1,1
682,3841,0.7142857142857143,0.238095238095238,0,1,0,1,0,0,0,0,0,0,0,1,0,0,0,0,0,0,0,0
683,8060,0.7619047619047619,0.1904761904761904,1,1,1,0,0,0,0,0,0,1,0,0,1,0,0,0,0,0,0,0
684,3631,0.9047619047619048,0.0476190476190476,0,0,0,1,1,0,0,0,0,0,0,0,0,0,0,0,0,0,0,0
685,277,0.9523809523809524,0.0,0,0,0,0,0,0,0,0,0,0,0,0,0,0,0,0,1,0,0,0
686,4776,0.7142857142857143,0.238095238095238,0,0,1,1,0,1,0,0,0,0,1,1,1,0,0,0,0,0,1,0
687,8354,0.8571428571428571,0.0952380952380952,0,1,0,1,0,0,0,1,0,0,0,0,0,0,0,0,0,0,0,0
688,754,0.8095238095238095,0.1428571428571428,0,0,0,0,0,0,0,0,0,0,0,0,0,0,0,0,0,0,0,0
689,3722,0.4285714285714285,0.5238095238095238,1,1,1,1,0,1,0,1,1,1,0,0,1,1,0,0,0,0,1,1
690,8962,0.8095238095238095,0.1428571428571428,1,0,0,1,0,1,0,0,0,0,0,0,0,0,1,0,0,0,0,0
691,7123,0.0952380952380952,0.8571428571428571,1,1,1,1,1,1,1,1,1,1,1,1,1,1,1,1,1,0,1,1
692,8129,0.9047619047619048,0.0476190476190476,1,0,0,0,0,0,0,0,0,0,0,0,0,0,0,0,0,0,0,0
693,10622,0.0476190476190476,0.9047619047619048,1,1,1,1,1,1,1,1,1,1,1,1,1,0,1,0,1,1,1,1
694,844,0.1904761904761904,0.7619047619047619,0,1,0,1,1,1,1,1,1,1,1,1,1,1,0,1,1,1,1,1
695,2511,0.3333333333333333,0.6190476190476191,1,1,1,1,1,0,0,1,0,0,0,1,0,1,1,0,0,1,0,1
696,4761,0.6190476190476191,0.3333333333333333,0,0,0,1,0,0,0,1,0,0,0,0,0,1,0,0,0,0,0,0
697,2320,0.2857142857142857,0.6666666666666666,1,0,1,1,0,0,0,0,1,0,1,1,1,0,1,1,0,1,0,1
698,5544,0.3809523809523809,0.5714285714285714,0,1,1,0,0,1,1,1,1,1,0,1,0,0,1,1,1,1,1,1
699,9730,0.9047619047619048,0.0476190476190476,0,0,0,0,0,0,0,0,0,0,0,0,0,0,0,0,0,0,0,0
700,963,0.3333333333333333,0.6190476190476191,1,1,0,1,1,1,1,1,1,1,0,0,0,0,0,0,1,1,1,0
701,7459,0.9047619047619048,0.0476190476190476,0,0,0,0,1,0,0,0,0,0,1,0,0,0,0,0,0,0,0,0
702,10660,0.3809523809523809,0.5714285714285714,1,0,1,1,1,0,1,0,1,1,1,0,1,1,0,1,1,0,1,0
703,9556,0.6666666666666666,0.2857142857142857,0,1,0,1,0,0,0,0,0,0,1,1,0,1,1,1,1,1,1,1
704,7868,0.8571428571428571,0.0952380952380952,0,0,0,0,0,0,0,0,0,1,0,0,0,0,0,0,0,0,0,0
705,5042,0.9047619047619048,0.0476190476190476,1,0,0,0,0,0,0,0,1,0,0,0,1,0,0,0,1,0,0,0
706,8866,0.5238095238095238,0.4285714285714285,1,1,0,1,1,1,0,0,0,1,0,1,1,0,1,1,1,0,0,0
707,5935,0.9523809523809524,0.0,0,0,0,0,0,0,0,0,0,0,1,1,0,0,0,0,0,0,0,0
708,7916,0.7142857142857143,0.238095238095238,0,0,1,1,0,0,1,0,0,0,0,0,0,0,0,0,0,0,1,0
709,6864,0.8571428571428571,0.0952380952380952,0,0,0,0,1,0,0,0,0,0,0,0,0,0,1,0,0,0,1,0
710,2438,0.8571428571428571,0.0952380952380952,0,0,0,1,0,0,0,0,0,0,1,0,0,0,0,0,0,0,0,0
711,70,0.8571428571428571,0.0952380952380952,0,1,0,1,0,0,0,0,0,0,0,0,0,0,0,1,0,0,0,0
712,7206,0.8095238095238095,0.1428571428571428,0,0,0,0,1,0,0,0,0,0,0,1,0,0,0,0,0,1,0,0
713,728,0.7142857142857143,0.238095238095238,0,0,0,0,0,0,0,1,0,0,0,1,1,0,0,0,1,0,1,1
714,2632,0.3333333333333333,0.6190476190476191,1,1,1,0,1,1,1,0,1,1,1,0,0,1,0,0,1,1,1,1
715,6249,0.2857142857142857,0.6666666666666666,0,0,0,1,0,1,1,1,1,1,1,1,0,1,1,1,0,1,1,1
716,9509,0.9047619047619048,0.0476190476190476,0,0,0,0,0,0,0,0,0,0,0,1,0,0,0,0,0,0,0,0
717,10509,0.0476190476190476,0.9047619047619048,1,1,1,1,1,1,1,1,1,1,1,1,1,1,1,1,1,1,1,1
718,5052,0.7619047619047619,0.1904761904761904,0,0,1,0,0,0,1,0,0,0,0,1,0,0,0,0,0,1,0,1
719,7320,0.7619047619047619,0.1904761904761904,0,0,0,0,0,1,0,1,0,0,0,0,1,0,0,0,0,1,0,0
720,4159,0.4285714285714285,0.5238095238095238,1,0,1,1,0,1,1,0,0,0,0,1,1,1,0,1,1,0,0,0
721,2583,0.0952380952380952,0.8571428571428571,1,1,1,1,1,1,1,1,1,1,1,1,0,1,0,1,1,1,1,1
722,2402,0.9047619047619048,0.0476190476190476,0,0,0,0,0,1,0,0,0,1,0,0,1,0,1,0,0,0,0,0
723,10271,0.4285714285714285,0.5238095238095238,1,0,1,1,0,1,0,0,1,1,1,0,1,1,0,1,0,0,1,0
724,3999,0.5238095238095238,0.4285714285714285,1,1,1,0,0,1,0,0,0,0,1,0,1,1,1,1,1,0,0,0
725,1241,0.3333333333333333,0.6190476190476191,0,1,1,1,0,0,0,1,1,1,0,1,1,1,0,0,1,0,1,1
726,3774,0.9047619047619048,0.0476190476190476,0,1,0,0,0,0,0,0,0,0,0,0,0,0,0,0,1,0,0,0
727,1452,0.3809523809523809,0.5714285714285714,1,1,1,0,1,0,0,0,0,1,1,0,1,1,1,1,1,1,1,1
728,4397,0.5238095238095238,0.4285714285714285,1,1,1,1,1,0,1,1,0,0,1,1,0,1,0,0,0,1,1,0
729,8728,0.7619047619047619,0.1904761904761904,1,0,0,0,0,1,0,0,0,0,1,0,1,0,0,0,0,0,0,0
730,3805,0.4285714285714285,0.5238095238095238,1,1,1,1,0,1,1,1,0,0,0,0,1,1,0,0,1,1,1,1
731,2278,0.0,0.9523809523809524,1,1,1,1,1,1,1,1,1,1,1,1,1,1,1,1,1,1,1,1
732,7894,0.4761904761904761,0.4761904761904761,1,0,0,0,1,0,1,0,0,0,1,1,0,0,0,1,1,0,0,0
733,10484,0.4285714285714285,0.5238095238095238,0,0,1,1,1,1,1,1,1,1,0,0,0,0,0,0,0,0,0,1
734,8223,0.0,0.9523809523809524,1,1,1,1,1,1,1,1,1,1,1,1,1,1,1,1,1,1,1,1
735,7341,0.1428571428571428,0.8095238095238095,1,1,1,1,1,1,1,1,1,0,1,1,1,1,1,1,1,0,1,1
736,7166,0.7142857142857143,0.238095238095238,0,0,0,0,1,0,0,0,0,1,1,1,0,0,1,0,1,0,0,0
737,4931,0.0952380952380952,0.8571428571428571,1,1,0,1,1,1,1,1,1,1,1,1,1,1,1,1,1,1,1,0
738,9136,0.0476190476190476,0.9047619047619048,1,1,1,1,1,1,1,0,1,1,1,1,1,1,1,1,1,1,1,1
739,9436,0.8571428571428571,0.0952380952380952,0,0,1,0,1,0,0,0,0,0,0,1,0,0,1,0,0,0,1,0
740,5951,0.7142857142857143,0.238095238095238,0,0,1,1,0,0,0,1,0,0,1,0,1,0,0,0,0,0,0,1
741,10894,0.2857142857142857,0.6666666666666666,1,0,1,1,1,1,1,1,1,1,0,1,0,1,1,0,1,1,1,0
742,990,0.7142857142857143,0.238095238095238,0,0,0,0,1,1,0,1,0,0,0,0,0,0,0,0,0,0,0,1
743,10871,0.8571428571428571,0.0952380952380952,0,1,0,1,0,0,0,0,0,1,0,0,0,0,0,0,0,0,0,1
744,1196,0.7142857142857143,0.238095238095238,0,1,0,0,1,0,0,0,1,0,0,0,1,0,0,1,0,0,0,0
745,5326,0.4761904761904761,0.4761904761904761,0,1,1,0,1,0,1,1,0,1,0,0,1,0,0,0,1,1,0,0
746,934,0.8571428571428571,0.0952380952380952,0,0,0,0,0,0,0,1,0,0,0,1,0,0,1,0,0,1,0,0
747,4288,0.5714285714285714,0.3809523809523809,0,1,0,0,0,0,0,0,1,0,0,1,0,0,0,0,1,1,0,1
748,863,0.1428571428571428,0.8095238095238095,1,1,1,1,0,1,1,1,1,1,1,1,1,1,1,1,1,1,1,1
749,7807,0.9047619047619048,0.0476190476190476,0,0,1,0,1,0,0,0,0,1,1,0,0,0,0,0,0,0,0,0
750,2874,0.4761904761904761,0.4761904761904761,0,1,1,0,0,0,1,1,0,1,0,0,1,0,0,0,1,0,1,0
751,9632,0.6190476190476191,0.3333333333333333,0,0,1,0,0,0,0,1,0,1,1,1,1,0,0,0,1,1,1,0
752,9106,0.8571428571428571,0.0952380952380952,0,0,0,0,0,0,0,0,1,1,0,0,0,0,0,0,0,0,0,1
753,7037,0.9047619047619048,0.0476190476190476,0,0,0,0,0,0,0,0,0,0,0,0,0,0,0,0,0,0,0,0
754,6875,0.3809523809523809,0.5714285714285714,1,0,1,0,0,0,0,0,1,1,1,1,1,1,1,1,0,0,0,1
755,654,0.7619047619047619,0.1904761904761904,0,0,1,0,0,0,0,0,0,0,0,1,1,0,0,0,0,1,1,0
756,2291,0.9047619047619048,0.0476190476190476,0,0,0,0,0,0,0,1,0,1,0,1,0,0,0,0,1,1,0,1
757,9072,0.7142857142857143,0.238095238095238,0,0,0,1,0,1,0,0,0,0,0,0,0,1,0,1,0,0,0,0
758,67,0.9523809523809524,0.0,0,0,0,1,0,0,0,0,0,0,0,0,0,0,0,0,0,0,0,0
759,7051,0.8095238095238095,0.1428571428571428,0,0,0,0,0,0,1,1,1,0,0,0,0,0,0,0,1,0,0,0
760,4534,0.8571428571428571,0.0952380952380952,0,1,0,0,0,0,0,1,0,1,1,0,0,0,0,0,1,0,0,1
761,10659,0.9047619047619048,0.0476190476190476,0,0,0,0,0,0,0,0,0,0,0,0,0,0,0,0,0,0,0,0
762,7948,0.8095238095238095,0.1428571428571428,0,0,0,1,0,0,1,0,0,1,0,0,0,0,1,0,0,0,0,0
763,3674,0.9047619047619048,0.0476190476190476,0,0,0,0,1,1,0,0,0,0,0,0,0,0,0,0,0,0,0,1
764,533,0.1428571428571428,0.8095238095238095,1,0,1,1,0,1,1,1,0,1,1,1,1,1,1,1,1,1,1,1
765,4112,0.3333333333333333,0.6190476190476191,1,1,1,0,0,1,1,1,1,0,1,0,1,1,0,1,0,0,0,1
766,9914,0.9523809523809524,0.0,0,0,0,0,0,0,0,0,0,0,0,0,0,0,0,0,0,0,0,0
767,692,0.8095238095238095,0.1428571428571428,0,0,0,1,0,0,0,1,1,0,0,1,1,0,0,0,0,0,0,0
768,6278,0.8571428571428571,0.0952380952380952,0,0,0,0,0,0,0,0,0,0,0,0,1,0,1,0,0,0,0,0
769,1787,0.7142857142857143,0.238095238095238,1,0,0,0,0,1,1,0,0,0,1,1,1,1,0,1,1,0,0,1
770,8724,0.9523809523809524,0.0,0,0,0,0,0,0,1,0,0,0,0,0,1,0,0,0,0,0,0,0
771,9942,0.9047619047619048,0.0476190476190476,0,1,1,0,0,1,0,0,0,0,0,0,1,0,0,0,0,1,0,0
772,6791,0.1428571428571428,0.8095238095238095,1,1,1,1,1,1,1,1,1,1,1,1,1,1,1,1,1,1,1,1
773,6432,0.238095238095238,0.7142857142857143,0,1,0,0,0,1,1,1,0,1,1,1,1,1,0,1,1,1,1,1
774,4641,0.8095238095238095,0.1428571428571428,0,1,1,0,0,0,0,1,1,0,0,1,0,0,1,0,0,0,1,0
775,646,0.238095238095238,0.7142857142857143,1,1,1,1,1,1,0,1,1,0,1,1,1,0,1,1,1,0,0,0
776,4518,0.9047619047619048,0.0476190476190476,0,0,0,1,0,0,1,0,0,1,0,0,0,0,0,1,0,0,0,0
777,5655,0.8571428571428571,0.0952380952380952,1,0,0,0,0,0,0,0,0,0,0,0,0,0,0,0,1,0,0,0
778,2054,0.8571428571428571,0.0952380952380952,0,0,0,1,1,0,0,1,0,0,0,1,1,0,0,0,0,0,0,0
779,8560,0.3809523809523809,0.5714285714285714,0,0,1,1,1,0,1,1,1,1,0,1,1,1,0,1,1,1,1,0
780,9506,0.1428571428571428,0.8095238095238095,0,1,1,1,1,1,0,1,1,1,1,1,1,0,1,1,0,1,1,1
781,6043,0.3809523809523809,0.5714285714285714,1,1,0,0,1,0,1,0,0,0,0,0,1,1,1,1,0,0,0,1
782,8867,0.0952380952380952,0.8571428571428571,1,0,1,1,1,1,1,1,1,1,1,0,1,1,1,1,0,0,1,1
783,7738,0.2857142857142857,0.6666666666666666,0,1,1,1,1,1,0,0,1,1,0,0,1,1,1,1,1,0,0,1
784,7903,0.9047619047619048,0.0476190476190476,1,0,0,0,0,0,0,1,0,0,0,0,0,0,0,0,0,0,0,0
785,5650,0.0,0.9523809523809524,1,1,1,1,1,1,1,1,1,1,1,1,1,1,1,1,1,1,1,1
786,2382,0.9523809523809524,0.0,0,0,0,0,0,0,0,1,0,0,0,1,0,0,0,0,0,0,0,0
787,1729,0.2857142857142857,0.6666666666666666,1,1,1,1,0,1,0,1,0,1,0,1,1,1,0,1,0,0,1,1
788,6264,0.7142857142857143,0.238095238095238,0,1,1,0,1,0,0,1,0,1,0,1,0,0,0,1,0,1,1,0
789,2262,0.238095238095238,0.7142857142857143,1,1,1,1,1,1,1,0,1,1,1,0,0,1,1,0,1,0,0,0
790,6503,0.4285714285714285,0.5238095238095238,1,0,1,1,1,1,1,1,1,1,1,1,1,1,1,0,0,0,0,0
791,2914,0.7619047619047619,0.1904761904761904,0,0,0,0,0,0,0,0,1,0,0,0,1,1,1,0,0,1,0,0
792,4408,0.1428571428571428,0.8095238095238095,0,0,1,1,1,1,1,1,1,1,1,1,1,1,1,1,1,1,0,1
793,4873,0.8571428571428571,0.0952380952380952,1,0,0,0,1,0,0,0,0,1,0,0,0,0,0,0,0,0,0,1
794,6481,0.9047619047619048,0.0476190476190476,0,0,0,0,0,0,0,0,0,0,0,0,0,0,0,1,0,0,0,0
795,5793,0.4285714285714285,0.5238095238095238,0,1,0,1,1,0,0,1,1,1,0,0,0,1,1,1,1,0,0,1
796,640,0.2857142857142857,0.6666666666666666,0,1,1,0,0,0,1,1,1,0,1,0,1,0,1,1,1,0,0,1
797,3438,0.1428571428571428,0.8095238095238095,1,1,1,1,1,0,1,1,1,1,0,1,1,1,1,1,1,1,1,1
798,10626,0.9047619047619048,0.0476190476190476,0,0,0,0,0,0,0,0,0,0,0,0,0,0,0,0,0,0,0,0
799,8479,0.8095238095238095,0.1428571428571428,0,0,0,0,0,0,0,0,1,0,0,1,0,1,1,1,0,0,1,0
800,6818,0.0952380952380952,0.8571428571428571,1,1,1,0,1,1,1,1,0,0,1,1,1,1,1,1,1,1,1,1
801,156,0.9047619047619048,0.0476190476190476,0,0,0,0,0,0,1,0,0,0,0,0,0,0,0,0,0,0,0,0
802,6056,0.9047619047619048,0.0476190476190476,0,0,0,0,0,0,0,0,0,0,0,0,0,0,0,0,0,0,0,1
803,2514,0.9523809523809524,0.0,0,0,0,0,0,0,0,0,0,0,0,0,0,0,0,0,0,0,0,0
804,10920,0.1904761904761904,0.7619047619047619,0,1,0,1,1,1,1,1,0,1,1,1,1,1,1,1,1,1,1,1
805,3229,0.2857142857142857,0.6666666666666666,1,0,1,0,0,1,0,0,0,1,0,1,1,0,0,1,1,1,0,0
806,4596,0.0,0.9523809523809524,1,1,1,1,1,1,1,1,1,1,1,1,1,1,1,1,1,1,1,1
807,2767,0.4761904761904761,0.4761904761904761,1,1,1,1,0,0,1,1,1,0,0,0,1,1,1,1,1,1,0,1
808,10536,0.9047619047619048,0.0476190476190476,0,0,0,0,0,0,0,0,1,0,0,0,0,0,0,0,0,0,0,0
809,8747,0.8571428571428571,0.0952380952380952,0,0,0,0,1,0,0,1,0,0,0,0,0,0,0,1,0,0,0,0
810,7615,0.8095238095238095,0.1428571428571428,0,1,0,1,0,0,0,0,1,0,0,0,1,0,1,0,0,0,0,0
811,2153,0.8571428571428571,0.0952380952380952,0,1,0,0,0,0,0,0,0,0,0,0,0,0,0,0,0,1,0,0
812,6911,0.1904761904761904,0.7619047619047619,1,1,1,1,1,0,1,1,1,1,1,1,1,1,0,1,1,1,0,1
813,8416,0.5238095238095238,0.4285714285714285,0,1,1,1,0,0,1,0,0,1,0,0,1,1,1,0,1,0,0,1
814,10997,0.8095238095238095,0.1428571428571428,1,0,0,0,0,0,0,1,1,0,0,0,0,0,0,1,0,0,0,0
815,222,0.8095238095238095,0.1428571428571428,0,0,0,0,1,0,0,0,0,0,1,0,0,1,1,0,0,1,0,0
816,2820,0.8571428571428571,0.0952380952380952,0,0,0,0,0,0,0,0,0,0,0,0,0,0,1,0,0,0,0,0
817,10010,0.1904761904761904,0.7619047619047619,0,0,1,1,1,1,1,1,1,1,1,1,1,1,1,1,1,1,0,1
818,2211,0.8095238095238095,0.1428571428571428,1,0,0,0,0,0,0,0,0,0,0,0,1,1,0,0,1,0,0,0
819,2448,0.4285714285714285,0.5238095238095238,0,0,0,1,0,0,0,1,0,1,0,1,1,0,0,1,1,1,0,0
820,7455,0.3809523809523809,0.5714285714285714,0,0,0,1,1,0,1,0,1,0,1,0,1,1,0,1,1,1,0,1
821,5515,0.8095238095238095,0.1428571428571428,0,0,1,0,1,0,0,0,1,1,0,0,1,0,0,0,0,0,0,1
822,5818,0.7142857142857143,0.238095238095238,0,0,0,0,0,0,0,0,0,0,0,0,1,1,0,0,1,0,0,0
823,3676,0.4761904761904761,0.4761904761904761,1,0,0,0,1,1,0,1,1,0,1,1,1,1,1,0,1,0,1,0
824,2410,0.4761904761904761,0.4761904761904761,0,1,0,0,1,0,1,1,1,0,0,0,0,0,0,0,1,1,1,1
825,8970,0.0952380952380952,0.8571428571428571,1,1,1,0,1,1,1,1,1,1,1,1,1,1,1,1,1,1,1,1
826,10851,0.5714285714285714,0.3809523809523809,0,0,0,1,0,0,1,0,1,1,0,1,0,1,0,1,0,1,1,1
827,6606,0.8571428571428571,0.0952380952380952,0,0,0,0,0,1,0,1,0,0,0,0,0,0,1,0,0,0,0,0
828,5349,0.4761904761904761,0.4761904761904761,0,0,1,0,0,0,0,1,0,1,0,1,1,0,1,0,0,1,1,1
829,2930,0.9523809523809524,0.0,0,0,0,0,0,0,0,0,0,0,1,0,0,0,0,0,0,0,0,0
830,4421,0.9047619047619048,0.0476190476190476,0,0,0,0,0,0,0,0,0,0,0,0,0,0,0,0,0,0,0,0
831,1562,0.7619047619047619,0.1904761904761904,0,1,1,0,0,0,0,0,0,0,0,0,0,0,0,1,1,0,0,0
832,5123,0.9523809523809524,0.0,0,0,0,0,0,0,0,0,0,0,0,0,0,0,0,0,0,0,0,0
833,8191,0.5238095238095238,0.4285714285714285,0,0,1,1,0,1,1,1,0,1,1,1,1,0,1,1,0,0,0,0
834,9662,0.3333333333333333,0.6190476190476191,1,1,1,0,1,1,0,1,1,1,1,1,1,0,1,1,0,0,0,0
835,1004,0.6190476190476191,0.3333333333333333,0,1,0,1,1,1,0,0,1,1,0,0,1,0,0,0,1,1,0,0
836,8703,0.8095238095238095,0.1428571428571428,0,0,0,0,0,0,0,0,0,0,0,1,1,1,0,0,0,0,0,0
837,1526,0.0952380952380952,0.8571428571428571,1,1,1,1,1,1,1,1,1,1,1,1,1,1,0,1,1,1,1,1
838,3941,0.9047619047619048,0.0476190476190476,0,0,0,0,0,0,0,0,0,0,0,0,1,0,0,1,0,1,0,0
839,10577,0.1428571428571428,0.8095238095238095,1,1,1,1,1,1,1,1,1,1,0,1,1,1,1,1,1,1,1,0
840,1795,0.5238095238095238,0.4285714285714285,1,0,0,0,1,0,1,1,1,1,0,0,0,1,1,1,1,0,1,1
841,9170,0.4761904761904761,0.4761904761904761,1,1,1,0,0,1,1,0,0,0,1,1,1,1,1,0,1,0,0,0
842,4634,0.1904761904761904,0.7619047619047619,1,1,1,1,1,1,1,0,0,1,1,0,1,1,1,0,1,1,0,1
843,446,0.8095238095238095,0.1428571428571428,0,0,1,0,0,0,0,1,1,0,0,0,0,0,0,0,0,1,0,0
844,2618,0.9047619047619048,0.0476190476190476,0,0,0,0,0,0,1,0,0,0,0,0,0,0,0,0,0,0,0,0
845,6939,0.5238095238095238,0.4285714285714285,1,0,1,1,1,0,0,0,1,0,0,1,1,0,0,1,1,1,0,1
846,2772,0.8095238095238095,0.1428571428571428,1,0,0,0,0,0,0,0,0,0,0,0,0,0,0,0,0,0,0,0
847,3444,0.2857142857142857,0.6666666666666666,0,1,1,0,0,1,1,0,0,1,1,1,0,1,1,0,1,1,1,1
848,1153,0.8095238095238095,0.1428571428571428,0,0,0,1,0,0,0,0,0,0,0,0,0,0,0,0,0,1,0,0
849,1329,0.7619047619047619,0.1904761904761904,0,0,0,1,0,0,1,0,1,0,1,1,0,0,1,1,0,0,1,0
850,2053,0.6666666666666666,0.2857142857142857,1,0,1,0,0,0,0,1,0,0,0,1,1,0,0,0,1,0,0,1
851,2723,0.8095238095238095,0.1428571428571428,0,1,0,0,1,0,0,1,0,0,0,0,0,0,0,0,1,0,1,0
852,6766,0.9523809523809524,0.0,0,0,0,0,0,0,0,1,0,0,0,0,0,0,0,0,0,0,0,0
853,9235,0.9047619047619048,0.0476190476190476,0,0,0,1,1,0,0,1,0,0,0,0,0,0,0,0,0,0,0,0
854,9219,0.0,0.9523809523809524,1,1,1,1,1,1,1,1,1,1,1,1,1,1,1,1,1,1,1,1
855,8358,0.6666666666666666,0.2857142857142857,0,0,1,0,1,0,0,0,1,1,0,0,0,1,0,0,1,0,1,0
856,8501,0.9047619047619048,0.0476190476190476,1,0,0,0,0,0,0,0,0,0,0,0,0,0,0,0,0,1,0,0
857,4971,0.8571428571428571,0.0952380952380952,0,0,0,0,0,0,0,1,0,0,1,1,0,0,0,0,1,0,0,0
858,4164,0.238095238095238,0.7142857142857143,0,1,0,0,0,1,1,1,1,1,1,1,1,1,1,1,1,1,0,1
859,4368,0.6666666666666666,0.2857142857142857,1,0,1,0,1,0,0,0,0,1,1,0,0,1,0,0,0,1,0,0
860,7269,0.8571428571428571,0.0952380952380952,0,0,0,0,0,0,0,0,0,0,0,0,0,1,0,0,0,0,0,0
861,4719,0.8571428571428571,0.0952380952380952,0,0,0,0,0,0,0,0,0,0,0,1,0,0,0,0,0,0,0,0
862,10645,0.9047619047619048,0.0476190476190476,0,0,0,1,0,0,0,0,0,1,0,0,1,0,0,0,1,0,0,0
863,3847,0.8571428571428571,0.0952380952380952,0,0,0,0,0,0,0,0,0,0,0,0,0,1,0,0,0,0,1,1
864,7411,0.0952380952380952,0.8571428571428571,1,1,1,1,1,1,1,1,1,1,1,1,1,1,1,1,0,1,1,1
865,400,0.1904761904761904,0.7619047619047619,0,1,1,0,0,0,0,1,1,1,1,1,1,1,1,1,1,1,1,0
866,8205,0.1428571428571428,0.8095238095238095,1,1,1,1,1,1,1,1,1,0,1,1,1,0,1,1,0,1,1,1
867,10841,0.0,0.9523809523809524,1,1,1,1,1,1,1,1,1,1,1,1,1,1,1,1,1,1,1,1
868,2216,0.4285714285714285,0.5238095238095238,0,1,1,0,0,0,1,1,0,1,0,0,0,0,1,0,0,1,1,0
869,8832,0.9047619047619048,0.0476190476190476,0,0,0,0,1,0,0,0,0,0,0,1,0,0,0,1,0,0,0,1
870,2794,0.7619047619047619,0.1904761904761904,0,0,0,0,0,0,0,0,0,0,1,0,0,1,0,0,1,0,0,0
871,9277,0.9047619047619048,0.0476190476190476,0,0,0,0,0,0,0,0,0,0,0,0,0,0,0,0,0,0,0,1
872,10946,0.4285714285714285,0.5238095238095238,1,1,1,0,0,1,0,1,1,1,1,0,1,1,1,0,1,1,0,1
873,2613,0.7619047619047619,0.1904761904761904,0,0,0,0,0,0,0,0,0,0,0,0,0,0,1,0,0,0,0,0
874,364,0.6190476190476191,0.3333333333333333,0,0,0,0,1,1,0,0,1,1,0,1,0,0,0,1,0,0,0,0
875,9216,0.9523809523809524,0.0,0,1,0,0,0,0,0,0,0,0,0,0,0,0,0,0,0,0,0,0
876,7930,0.8571428571428571,0.0952380952380952,1,0,0,0,0,0,1,0,0,1,0,0,0,0,0,0,0,1,0,1
877,9283,0.7619047619047619,0.1904761904761904,0,0,0,0,0,0,0,0,0,0,1,0,1,0,1,1,0,0,0,0
878,1397,0.7142857142857143,0.238095238095238,0,0,0,1,0,0,1,1,0,0,1,0,0,0,0,0,0,0,0,0
879,2149,0.0952380952380952,0.8571428571428571,1,1,0,1,1,1,1,1,1,1,1,1,1,1,0,1,1,1,1,1
880,2515,0.0,0.9523809523809524,1,1,1,1,1,1,1,1,1,1,1,1,1,1,1,1,1,1,1,1
881,2843,0.9047619047619048,0.0476190476190476,0,0,0,0,0,0,0,0,0,0,0,0,0,0,0,0,1,0,0,0
882,10899,0.9047619047619048,0.0476190476190476,0,0,0,0,0,0,0,0,0,0,0,0,0,0,0,0,0,0,0,0
883,5801,0.8095238095238095,0.1428571428571428,0,0,1,0,0,1,0,0,1,1,0,0,0,1,0,0,0,0,0,1
884,154,0.1904761904761904,0.7619047619047619,1,1,1,1,1,1,0,1,1,1,1,0,1,1,0,1,1,0,0,1
885,8518,0.6190476190476191,0.3333333333333333,1,1,1,0,0,0,1,0,1,1,1,0,0,1,0,0,1,0,0,1
886,6963,0.3333333333333333,0.6190476190476191,0,1,0,1,0,1,0,0,0,1,1,1,0,0,1,1,1,1,1,1
887,2206,0.3333333333333333,0.6190476190476191,1,1,1,0,0,0,1,1,0,1,0,1,1,1,0,0,0,1,1,1
888,8641,0.9047619047619048,0.0476190476190476,0,0,0,0,0,1,0,0,1,0,0,0,0,1,0,0,0,1,0,0
889,6537,0.7619047619047619,0.1904761904761904,0,1,0,0,1,0,0,0,0,0,0,1,0,0,1,0,0,1,0,0
890,2943,0.7619047619047619,0.1904761904761904,0,0,0,0,0,0,1,0,1,1,0,0,0,0,0,0,1,0,0,0
891,319,0.7142857142857143,0.238095238095238,1,1,0,1,0,0,0,1,0,1,1,1,1,1,0,0,0,0,0,0
892,8041,0.8095238095238095,0.1428571428571428,0,0,0,0,0,0,0,0,1,0,1,1,0,1,0,1,1,0,0,0
893,4820,0.8571428571428571,0.0952380952380952,1,1,1,0,0,0,1,1,0,0,0,0,0,1,0,0,0,0,0,0
894,5646,0.8571428571428571,0.0952380952380952,0,1,0,0,0,0,0,0,1,1,1,0,0,0,0,0,0,0,0,0
895,8111,0.9047619047619048,0.0476190476190476,0,0,0,0,0,0,0,0,0,0,1,1,0,0,1,0,0,0,0,0
896,9868,0.6190476190476191,0.3333333333333333,1,0,1,0,0,1,1,1,1,1,0,0,0,1,1,1,1,0,0,0
897,1553,0.1428571428571428,0.8095238095238095,1,1,1,1,1,1,1,1,0,1,1,1,1,1,1,0,0,1,1,1
898,947,0.1428571428571428,0.8095238095238095,1,1,1,1,1,0,0,1,1,1,1,1,1,1,1,1,0,1,1,1
899,9636,0.9523809523809524,0.0,0,1,0,0,0,0,0,0,0,0,1,0,0,0,0,0,0,0,0,0
900,1343,0.8571428571428571,0.0952380952380952,0,0,0,0,0,0,1,0,0,1,1,0,0,0,0,0,0,0,0,1
901,5669,0.9047619047619048,0.0476190476190476,0,0,0,0,1,0,0,0,0,0,0,0,0,0,0,0,0,0,0,0
902,1146,0.8571428571428571,0.0952380952380952,0,0,0,0,0,0,0,0,0,0,0,1,0,1,0,0,0,0,0,0
903,9221,0.6666666666666666,0.2857142857142857,1,0,0,0,1,0,1,0,0,0,0,0,0,0,1,0,1,1,0,0
904,2329,0.9047619047619048,0.0476190476190476,0,0,0,0,0,0,0,0,0,0,0,0,0,0,0,0,0,0,0,0
905,10277,0.0476190476190476,0.9047619047619048,0,1,1,1,1,1,0,1,1,1,1,1,1,1,1,1,1,1,1,1
906,6805,0.238095238095238,0.7142857142857143,1,1,1,1,1,0,1,1,0,0,0,1,1,1,1,0,1,1,1,1
907,1576,0.8095238095238095,0.1428571428571428,0,0,0,1,0,0,0,0,0,0,0,0,0,0,0,1,1,0,0,0
908,10412,0.8571428571428571,0.0952380952380952,0,1,0,0,0,0,0,0,0,0,0,0,0,0,1,0,0,0,0,0
909,7298,0.8571428571428571,0.0952380952380952,0,0,0,1,0,0,0,0,0,0,0,0,0,0,0,0,0,0,0,0
910,10383,0.9523809523809524,0.0,0,0,0,0,0,0,1,0,0,0,0,0,0,0,0,1,0,1,0,0
911,10336,0.7142857142857143,0.238095238095238,0,0,0,0,0,0,0,0,0,0,0,1,0,1,0,0,0,0,0,0
912,101,0.7142857142857143,0.238095238095238,0,0,0,1,0,0,1,1,0,0,0,1,0,0,0,0,1,0,0,1
913,2076,0.7142857142857143,0.238095238095238,1,1,0,1,0,0,0,0,0,0,1,0,1,1,0,0,0,0,0,0
914,5754,0.9047619047619048,0.0476190476190476,0,0,0,0,0,0,0,0,0,0,0,0,1,0,0,0,0,0,0,0
915,6267,0.0476190476190476,0.9047619047619048,1,1,1,1,1,0,1,1,1,1,1,1,1,0,1,1,1,1,1,1
916,6094,0.8095238095238095,0.1428571428571428,0,0,0,0,0,0,1,0,1,0,0,1,0,0,0,1,0,1,0,0
917,10673,0.9047619047619048,0.0476190476190476,0,0,0,0,0,0,0,0,0,0,0,0,0,0,0,0,0,0,0,0
918,320,0.0476190476190476,0.9047619047619048,1,1,1,1,1,1,1,1,1,1,1,1,1,1,1,1,1,1,1,1
919,2809,0.6666666666666666,0.2857142857142857,0,0,1,0,0,1,1,0,0,1,0,1,0,0,1,0,0,1,0,1
920,4692,0.6666666666666666,0.2857142857142857,0,0,0,1,1,1,1,1,0,0,0,1,1,1,0,1,1,0,0,0
921,3751,0.8095238095238095,0.1428571428571428,0,1,0,0,0,0,0,0,0,0,0,1,0,1,0,0,0,0,0,0
922,3788,0.6666666666666666,0.2857142857142857,1,0,0,1,0,0,0,0,1,0,0,1,0,1,1,0,1,1,0,0
923,10302,0.238095238095238,0.7142857142857143,1,1,1,1,0,1,1,1,1,1,1,1,0,1,1,1,1,1,1,1
924,837,0.1904761904761904,0.7619047619047619,1,1,1,1,0,0,1,1,0,1,1,1,0,1,1,1,1,1,1,1
925,7231,0.5238095238095238,0.4285714285714285,0,1,1,1,0,1,1,0,0,1,0,1,1,1,0,1,1,0,1,1
926,2589,0.1428571428571428,0.8095238095238095,1,1,1,1,1,1,1,1,0,1,1,1,1,1,1,1,1,0,1,1
927,5825,0.8571428571428571,0.0952380952380952,1,0,0,0,0,0,0,0,1,0,0,0,0,0,0,0,1,0,0,0
928,6744,0.6666666666666666,0.2857142857142857,0,1,0,1,0,0,0,1,0,1,1,1,0,0,1,0,0,0,0,1
929,7084,0.8571428571428571,0.0952380952380952,1,0,0,0,0,0,0,0,0,0,0,0,0,0,0,0,0,0,0,0
930,2100,0.9047619047619048,0.0476190476190476,1,0,0,0,1,0,0,0,0,0,0,0,0,0,0,0,0,1,0,0
931,3019,0.0476190476190476,0.9047619047619048,1,1,1,1,1,1,1,1,1,1,1,1,1,1,1,1,1,0,0,1
932,10334,0.1428571428571428,0.8095238095238095,0,1,1,1,1,1,1,1,1,1,0,1,1,1,1,1,1,0,0,0
933,3656,0.9047619047619048,0.0476190476190476,0,0,1,0,0,0,0,0,0,0,0,0,0,0,0,0,0,0,0,0
934,10699,0.8571428571428571,0.0952380952380952,0,1,0,0,0,0,1,0,0,0,0,0,0,0,0,0,0,0,0,1
935,4833,0.2857142857142857,0.6666666666666666,0,1,0,1,1,1,1,1,1,1,1,1,1,0,1,1,0,1,0,0
936,7631,0.3809523809523809,0.5714285714285714,1,1,0,0,1,0,1,1,1,0,0,0,1,0,1,0,1,1,0,1
937,6420,0.9047619047619048,0.0476190476190476,0,0,0,0,0,0,0,0,0,0,1,0,0,0,0,0,1,0,0,0
938,5760,0.8571428571428571,0.0952380952380952,0,0,0,0,0,0,0,1,0,0,0,0,1,0,0,0,0,0,0,0
939,787,0.0,0.9523809523809524,1,1,1,1,1,1,1,1,1,1,1,1,1,1,1,1,1,1,1,1
940,8530,0.8571428571428571,0.0952380952380952,0,0,0,0,1,0,0,0,1,0,0,0,0,0,0,0,0,0,0,0
941,1240,0.0476190476190476,0.9047619047619048,1,1,1,1,0,1,1,1,1,1,1,1,1,0,1,1,1,1,1,1
942,8149,0.238095238095238,0.7142857142857143,1,1,1,1,1,0,0,0,1,1,1,1,1,0,1,1,1,1,0,1
943,1532,0.9047619047619048,0.0476190476190476,0,0,0,0,1,0,0,0,0,0,0,0,0,0,0,0,0,0,0,0
944,10544,0.9047619047619048,0.0476190476190476,0,1,0,0,0,0,0,0,0,0,0,0,0,1,1,0,0,0,0,0
945,5177,0.4761904761904761,0.4761904761904761,1,0,0,1,1,1,1,0,0,1,0,1,1,0,1,1,1,0,1,0
946,2504,0.1428571428571428,0.8095238095238095,1,1,1,1,1,1,0,1,1,0,1,1,1,1,1,1,1,1,1,1
947,7334,0.9047619047619048,0.0476190476190476,0,1,0,0,0,0,0,0,0,0,0,0,0,0,0,0,0,0,0,0
948,2128,0.6190476190476191,0.3333333333333333,1,1,1,1,0,0,0,0,0,1,0,1,1,1,0,0,0,1,0,0
949,6389,0.7142857142857143,0.238095238095238,0,0,0,0,0,1,0,0,1,0,1,0,0,1,0,0,0,1,0,1
950,9442,0.1904761904761904,0.7619047619047619,0,1,1,1,0,1,1,1,1,1,0,1,1,1,1,1,1,1,1,1
951,4809,0.8095238095238095,0.1428571428571428,0,0,0,0,0,0,0,1,0,1,0,1,1,0,0,0,0,0,0,0
952,8207,0.7142857142857143,0.238095238095238,0,0,0,1,0,1,1,0,1,1,0,1,0,0,0,0,1,1,1,0
953,1283,0.7142857142857143,0.238095238095238,0,0,0,0,0,0,0,1,1,0,0,0,0,1,1,0,0,0,1,1
954,3511,0.7142857142857143,0.238095238095238,0,0,1,1,0,1,0,1,0,0,1,1,0,0,0,0,0,0,0,0
955,4774,0.8095238095238095,0.1428571428571428,1,0,0,1,1,0,0,0,0,1,0,1,0,0,0,0,0,1,0,1
956,10012,0.6666666666666666,0.2857142857142857,0,1,0,1,1,0,1,0,1,0,1,1,0,0,1,0,0,0,1,0
957,10377,0.6666666666666666,0.2857142857142857,0,0,0,1,0,1,0,0,1,0,0,0,0,0,1,0,1,0,0,0
958,9581,0.5714285714285714,0.3809523809523809,0,1,1,1,0,0,0,1,1,0,1,0,0,0,1,1,1,0,1,0
959,9875,0.7142857142857143,0.238095238095238,1,1,0,0,0,0,0,0,0,0,0,1,0,0,0,0,0,1,0,0
960,3919,0.5714285714285714,0.3809523809523809,0,0,1,0,0,0,1,0,1,0,1,0,0,1,0,0,0,1,1,1
961,1331,0.9047619047619048,0.0476190476190476,0,0,0,0,1,0,0,0,0,0,1,0,0,0,0,0,0,0,0,0
962,7023,0.3809523809523809,0.5714285714285714,1,0,0,1,1,1,1,0,1,1,1,1,1,0,0,1,1,0,1,0
963,6315,0.8095238095238095,0.1428571428571428,0,1,0,0,0,0,1,0,0,0,0,0,0,1,0,0,0,0,0,0
964,5103,0.0476190476190476,0.9047619047619048,1,1,1,1,1,1,1,1,1,1,1,1,1,1,1,1,1,1,1,1
965,10289,0.3333333333333333,0.6190476190476191,0,1,1,0,1,1,1,1,1,1,0,1,1,0,0,1,0,1,0,1
966,1215,0.8571428571428571,0.0952380952380952,0,0,1,1,0,0,0,0,1,0,1,0,0,0,0,0,0,0,0,0
967,3285,0.8095238095238095,0.1428571428571428,0,0,0,0,0,1,0,1,1,0,0,0,0,1,0,0,0,0,0,1
968,3273,0.5238095238095238,0.4285714285714285,1,1,1,1,0,0,0,1,1,1,0,0,1,1,1,1,1,1,1,1
969,2310,0.3809523809523809,0.5714285714285714,1,0,0,1,1,0,0,0,1,1,0,1,1,0,0,1,1,0,1,1
970,3869,0.7619047619047619,0.1904761904761904,0,0,0,0,0,0,0,0,0,0,0,1,0,0,0,1,0,0,0,0
971,3205,0.5238095238095238,0.4285714285714285,1,1,1,1,1,1,0,1,1,1,0,0,0,0,1,0,0,1,1,0
972,203,0.8571428571428571,0.0952380952380952,0,1,1,0,1,0,1,0,0,0,1,0,0,0,0,0,0,0,0,0
973,9337,0.7142857142857143,0.238095238095238,0,0,0,0,0,1,1,0,1,0,1,0,1,0,1,0,1,0,0,0
974,173,0.7142857142857143,0.238095238095238,0,0,0,0,0,1,1,1,1,0,0,0,0,0,0,0,0,0,0,0
975,5877,0.1428571428571428,0.8095238095238095,1,1,1,1,0,1,1,1,1,1,1,1,1,1,1,1,1,1,1,1
976,3236,0.9047619047619048,0.0476190476190476,0,0,0,0,0,0,0,0,0,0,0,0,1,0,0,0,0,0,0,0
977,9165,0.6666666666666666,0.2857142857142857,0,0,1,0,0,0,0,0,1,0,1,0,0,0,1,0,0,1,1,1
978,6391,0.4285714285714285,0.5238095238095238,1,0,1,1,0,0,1,1,0,1,0,0,1,1,1,0,1,1,1,1
979,4553,0.5714285714285714,0.3809523809523809,0,0,0,0,1,0,0,1,0,0,1,1,1,0,0,0,1,1,1,0
980,6788,0.2857142857142857,0.6666666666666666,1,1,1,1,1,0,1,1,0,1,1,0,1,0,1,1,1,0,0,0
981,5997,0.4761904761904761,0.4761904761904761,1,1,1,1,0,1,1,0,1,1,1,0,1,0,0,0,1,0,1,0
982,10068,0.6666666666666666,0.2857142857142857,1,0,0,0,0,0,0,0,0,0,0,1,0,1,0,0,0,0,0,1
983,8876,0.0,0.9523809523809524,1,1,1,1,1,1,1,1,1,1,1,1,1,1,1,1,1,1,1,1
984,2507,0.238095238095238,0.7142857142857143,1,1,1,1,1,1,1,0,0,1,1,1,1,0,1,1,1,1,1,1
985,9473,0.0476190476190476,0.9047619047619048,1,1,1,1,1,1,1,1,1,1,1,1,1,1,1,1,1,1,1,1
986,2934,0.2857142857142857,0.6666666666666666,1,0,0,1,1,0,1,1,0,0,1,1,1,1,1,0,1,1,1,1
987,3679,0.3809523809523809,0.5714285714285714,0,1,0,1,1,1,1,1,1,1,0,0,0,1,1,1,1,0,1,1
988,1670,0.2857142857142857,0.6666666666666666,0,0,1,0,1,1,1,0,1,1,0,1,0,0,0,1,0,1,0,1
989,5297,0.9047619047619048,0.0476190476190476,0,0,0,1,0,0,0,0,0,0,0,0,0,0,0,0,0,0,0,0
990,1216,0.5238095238095238,0.4285714285714285,0,1,1,1,0,1,1,1,1,0,1,0,1,1,1,0,1,1,1,1
991,10394,0.8095238095238095,0.1428571428571428,0,0,0,0,0,1,0,0,0,0,0,0,0,0,0,0,1,0,0,1
992,5001,0.1904761904761904,0.7619047619047619,1,1,1,0,1,1,1,1,1,1,0,1,0,1,0,0,1,1,0,1
993,7923,0.4761904761904761,0.4761904761904761,1,1,1,1,0,1,1,0,1,0,0,0,0,1,1,1,0,0,1,0
994,7722,0.8571428571428571,0.0952380952380952,0,0,0,0,1,0,0,0,0,0,0,1,0,1,0,0,0,1,0,1
995,7153,0.7142857142857143,0.238095238095238,1,0,0,0,0,0,0,0,0,0,1,0,0,0,1,0,1,0,0,0
996,10720,0.3809523809523809,0.5714285714285714,1,0,1,1,1,1,0,0,0,0,1,1,1,0,0,0,0,0,0,1
997,7975,0.8571428571428571,0.0952380952380952,0,1,1,0,1,0,0,0,0,0,0,1,0,0,1,0,0,0,0,0
998,7945,0.3333333333333333,0.6190476190476191,1,1,1,0,0,1,1,1,0,1,1,1,0,1,1,1,0,1,0,0
999,4536,0.7619047619047619,0.1904761904761904,0,0,0,0,0,0,0,0,0,0,0,0,0,0,1,0,0,0,0,0
